scenario,slice,metric,agent_a,agent_b,mean_delta,effect_size_dz,effect_size_label,favored_agent
treatment_allocation_confounding,overall,success_rate,baseline,causal_light,-0.06250000000000001,-7.508742535388292,large,causal_light
treatment_allocation_confounding,overall,near_optimal_rate,baseline,causal_light,-0.06263888888888887,-14.801900530093516,large,causal_light
treatment_allocation_confounding,overall,avg_cost,baseline,causal_light,0.0711972222222222,9.348991810765822,large,causal_light
treatment_allocation_confounding,overall,fairness_gap_ses,baseline,causal_light,0.0361761392077601,7.499720569063313,large,causal_light
treatment_allocation_confounding,normal,success_rate,baseline,causal_light,-0.05949999999999996,-3.9634651595537407,large,causal_light
treatment_allocation_confounding,normal,near_optimal_rate,baseline,causal_light,-0.04841666666666671,-9.106871894196757,large,causal_light
treatment_allocation_confounding,normal,avg_cost,baseline,causal_light,0.059850000000000014,5.496348320251118,large,causal_light
treatment_allocation_confounding,normal,fairness_gap_ses,baseline,causal_light,0.03220668067522733,3.249212579876594,large,causal_light
treatment_allocation_confounding,surface_shift,success_rate,baseline,causal_light,-0.037916666666666606,-3.5219695260213064,large,causal_light
treatment_allocation_confounding,surface_shift,near_optimal_rate,baseline,causal_light,-0.02941666666666669,-4.0409787395158325,large,causal_light
treatment_allocation_confounding,surface_shift,avg_cost,baseline,causal_light,0.03783333333333332,2.8001433416993535,large,causal_light
treatment_allocation_confounding,surface_shift,fairness_gap_ses,baseline,causal_light,0.0013321123947305318,0.17807649554167038,negligible,causal_light
treatment_allocation_confounding,adversarial,success_rate,baseline,causal_light,-0.09008333333333333,-5.874211390338759,large,causal_light
treatment_allocation_confounding,adversarial,near_optimal_rate,baseline,causal_light,-0.11008333333333331,-12.917163998361955,large,causal_light
treatment_allocation_confounding,adversarial,avg_cost,baseline,causal_light,0.11590833333333332,8.586414608055064,large,causal_light
treatment_allocation_confounding,adversarial,fairness_gap_ses,baseline,causal_light,0.05795973513395911,5.739862398639622,large,causal_light
treatment_allocation_confounding,degradation,success_rate_drop,baseline,causal_light,0.03058333333333336,1.2754215679967298,large,causal_light
treatment_allocation_confounding,degradation,fairness_gap_increase,baseline,causal_light,0.02575305445873179,1.4782415676697203,large,causal_light
treatment_allocation_confounding,degradation,near_optimal_rate_drop,baseline,causal_light,0.06166666666666661,5.329599662615781,large,causal_light
treatment_allocation_confounding,overall,success_rate,baseline,stability_filtered,-0.03683333333333333,-0.7994643273094008,medium,stability_filtered
treatment_allocation_confounding,overall,near_optimal_rate,baseline,stability_filtered,-0.06255555555555554,-10.814205394024706,large,stability_filtered
treatment_allocation_confounding,overall,avg_cost,baseline,stability_filtered,0.07517638888888885,0.8334399532486995,large,stability_filtered
treatment_allocation_confounding,overall,fairness_gap_ses,baseline,stability_filtered,0.056248554113574524,5.554328589042516,large,stability_filtered
treatment_allocation_confounding,normal,success_rate,baseline,stability_filtered,-0.028166666666666663,-0.6334982704458785,medium,stability_filtered
treatment_allocation_confounding,normal,near_optimal_rate,baseline,stability_filtered,-0.04775000000000004,-6.089982987753539,large,stability_filtered
treatment_allocation_confounding,normal,avg_cost,baseline,stability_filtered,0.057083333333333285,0.6550147190556065,medium,stability_filtered
treatment_allocation_confounding,normal,fairness_gap_ses,baseline,stability_filtered,0.05527904683711312,3.589154882819983,large,stability_filtered
treatment_allocation_confounding,surface_shift,success_rate,baseline,stability_filtered,-0.006916666666666654,-0.1516880621527825,negligible,stability_filtered
treatment_allocation_confounding,surface_shift,near_optimal_rate,baseline,stability_filtered,-0.02858333333333336,-4.024346178758913,large,stability_filtered
treatment_allocation_confounding,surface_shift,avg_cost,baseline,stability_filtered,0.03234583333333329,0.35450933554412695,small,stability_filtered
treatment_allocation_confounding,surface_shift,fairness_gap_ses,baseline,stability_filtered,0.0010892655371117377,0.1486992076561149,negligible,stability_filtered
treatment_allocation_confounding,adversarial,success_rate,baseline,stability_filtered,-0.0754166666666667,-1.3928988444369979,large,stability_filtered
treatment_allocation_confounding,adversarial,near_optimal_rate,baseline,stability_filtered,-0.11133333333333333,-10.191645901545792,large,stability_filtered
treatment_allocation_confounding,adversarial,avg_cost,baseline,stability_filtered,0.13609999999999992,1.4308039761917655,large,stability_filtered
treatment_allocation_confounding,adversarial,fairness_gap_ses,baseline,stability_filtered,0.09478943365083113,4.9037019914118085,large,stability_filtered
treatment_allocation_confounding,degradation,success_rate_drop,baseline,stability_filtered,0.047250000000000035,1.5268499000465738,large,stability_filtered
treatment_allocation_confounding,degradation,fairness_gap_increase,baseline,stability_filtered,0.03951038681371802,1.4599255008130123,large,stability_filtered
treatment_allocation_confounding,degradation,near_optimal_rate_drop,baseline,stability_filtered,0.06358333333333328,4.388696064232676,large,stability_filtered
treatment_allocation_confounding,overall,success_rate,baseline,structural_causal,-0.06300000000000001,-1.7065284887654795,large,structural_causal
treatment_allocation_confounding,overall,near_optimal_rate,baseline,structural_causal,-0.061972222222222206,-20.894229756391443,large,structural_causal
treatment_allocation_confounding,overall,avg_cost,baseline,structural_causal,0.15559861111111106,1.8294376296015338,large,structural_causal
treatment_allocation_confounding,overall,fairness_gap_ses,baseline,structural_causal,0.05689033714104121,6.287777319089278,large,structural_causal
treatment_allocation_confounding,normal,success_rate,baseline,structural_causal,-0.05266666666666664,-1.306073049558847,large,structural_causal
treatment_allocation_confounding,normal,near_optimal_rate,baseline,structural_causal,-0.04683333333333337,-7.731076450103605,large,structural_causal
treatment_allocation_confounding,normal,avg_cost,baseline,structural_causal,0.1543583333333333,1.8337296937544951,large,structural_causal
treatment_allocation_confounding,normal,fairness_gap_ses,baseline,structural_causal,0.058166212635687796,2.951164574412651,large,structural_causal
treatment_allocation_confounding,surface_shift,success_rate,baseline,structural_causal,-0.028333333333333304,-0.630002131586785,medium,structural_causal
treatment_allocation_confounding,surface_shift,near_optimal_rate,baseline,structural_causal,-0.026250000000000023,-4.267254323269174,large,structural_causal
treatment_allocation_confounding,surface_shift,avg_cost,baseline,structural_causal,0.10374999999999995,1.1394947494982055,large,structural_causal
treatment_allocation_confounding,surface_shift,fairness_gap_ses,baseline,structural_causal,0.005308051427350236,0.7913875484440666,medium,structural_causal
treatment_allocation_confounding,adversarial,success_rate,baseline,structural_causal,-0.10800000000000003,-3.4174352969351753,large,structural_causal
treatment_allocation_confounding,adversarial,near_optimal_rate,baseline,structural_causal,-0.11283333333333333,-14.147775800739408,large,structural_causal
treatment_allocation_confounding,adversarial,avg_cost,baseline,structural_causal,0.20868749999999994,2.387466725707458,large,structural_causal
treatment_allocation_confounding,adversarial,fairness_gap_ses,baseline,structural_causal,0.09432540892919249,5.416263962847852,large,structural_causal
treatment_allocation_confounding,degradation,success_rate_drop,baseline,structural_causal,0.05533333333333338,2.0752063518001393,large,structural_causal
treatment_allocation_confounding,degradation,fairness_gap_increase,baseline,structural_causal,0.03615919629350468,1.3103998075590968,large,structural_causal
treatment_allocation_confounding,degradation,near_optimal_rate_drop,baseline,structural_causal,0.06599999999999995,4.962138252093335,large,structural_causal
treatment_allocation_confounding,overall,success_rate,baseline,workflow,0.06249999999999999,6.6644350903081016,large,baseline
treatment_allocation_confounding,overall,near_optimal_rate,baseline,workflow,0.05558333333333334,7.766896150003593,large,baseline
treatment_allocation_confounding,overall,avg_cost,baseline,workflow,-0.10546805555555556,-12.633508879147323,large,baseline
treatment_allocation_confounding,overall,fairness_gap_ses,baseline,workflow,0.03500940940361979,5.84837243720288,large,workflow
treatment_allocation_confounding,normal,success_rate,baseline,workflow,0.06400000000000004,4.741627772414848,large,baseline
treatment_allocation_confounding,normal,near_optimal_rate,baseline,workflow,0.062083333333333275,6.937515331391459,large,baseline
treatment_allocation_confounding,normal,avg_cost,baseline,workflow,-0.11251666666666667,-9.638382894666705,large,baseline
treatment_allocation_confounding,normal,fairness_gap_ses,baseline,workflow,0.037279699474096456,3.351629785614293,large,workflow
treatment_allocation_confounding,surface_shift,success_rate,baseline,workflow,0.07375000000000005,7.87704893486256,large,baseline
treatment_allocation_confounding,surface_shift,near_optimal_rate,baseline,workflow,0.07166666666666661,6.911660055300023,large,baseline
treatment_allocation_confounding,surface_shift,avg_cost,baseline,workflow,-0.11774166666666669,-8.951652792241925,large,baseline
treatment_allocation_confounding,surface_shift,fairness_gap_ses,baseline,workflow,0.0019185780339489005,0.2131041155670964,small,workflow
treatment_allocation_confounding,adversarial,success_rate,baseline,workflow,0.04974999999999997,2.585664731410445,large,baseline
treatment_allocation_confounding,adversarial,near_optimal_rate,baseline,workflow,0.03300000000000003,2.7159218558518203,large,baseline
treatment_allocation_confounding,adversarial,avg_cost,baseline,workflow,-0.08614583333333332,-5.505941726210077,large,baseline
treatment_allocation_confounding,adversarial,fairness_gap_ses,baseline,workflow,0.054176021542117925,5.03612066578383,large,workflow
treatment_allocation_confounding,degradation,success_rate_drop,baseline,workflow,0.014250000000000068,0.7203813533831561,medium,workflow
treatment_allocation_confounding,degradation,fairness_gap_increase,baseline,workflow,0.016896322068021486,0.9459830042728117,large,workflow
treatment_allocation_confounding,degradation,near_optimal_rate_drop,baseline,workflow,0.02908333333333325,2.264186408434086,large,workflow
treatment_allocation_confounding,overall,success_rate,causal_light,stability_filtered,0.02566666666666669,0.5791274631909774,medium,causal_light
treatment_allocation_confounding,overall,near_optimal_rate,causal_light,stability_filtered,8.333333333333341e-05,0.02269957601715165,negligible,causal_light
treatment_allocation_confounding,overall,avg_cost,causal_light,stability_filtered,0.003979166666666642,0.04480356999293793,negligible,stability_filtered
treatment_allocation_confounding,overall,fairness_gap_ses,causal_light,stability_filtered,0.02007241490581442,2.873421913265819,large,stability_filtered
treatment_allocation_confounding,normal,success_rate,causal_light,stability_filtered,0.031333333333333296,0.7423553431227844,medium,causal_light
treatment_allocation_confounding,normal,near_optimal_rate,causal_light,stability_filtered,0.0006666666666666673,0.14135711759841155,negligible,causal_light
treatment_allocation_confounding,normal,avg_cost,causal_light,stability_filtered,-0.002766666666666716,-0.03171183858208224,negligible,causal_light
treatment_allocation_confounding,normal,fairness_gap_ses,causal_light,stability_filtered,0.023072366161885783,2.259066234061633,large,stability_filtered
treatment_allocation_confounding,surface_shift,success_rate,causal_light,stability_filtered,0.030999999999999955,0.6576690973211328,medium,causal_light
treatment_allocation_confounding,surface_shift,near_optimal_rate,causal_light,stability_filtered,0.000833333333333334,0.29518742300808587,small,causal_light
treatment_allocation_confounding,surface_shift,avg_cost,causal_light,stability_filtered,-0.005487500000000037,-0.060512293670460376,negligible,causal_light
treatment_allocation_confounding,surface_shift,fairness_gap_ses,causal_light,stability_filtered,-0.00024284685761879424,-0.04103663609994629,negligible,causal_light
treatment_allocation_confounding,adversarial,success_rate,causal_light,stability_filtered,0.014666666666666625,0.31135492235061224,small,causal_light
treatment_allocation_confounding,adversarial,near_optimal_rate,causal_light,stability_filtered,-0.0012500000000000011,-0.2137312871877292,small,stability_filtered
treatment_allocation_confounding,adversarial,avg_cost,causal_light,stability_filtered,0.020191666666666615,0.22494566896048684,small,stability_filtered
treatment_allocation_confounding,adversarial,fairness_gap_ses,causal_light,stability_filtered,0.036829698516872005,2.3218784985014036,large,stability_filtered
treatment_allocation_confounding,degradation,success_rate_drop,causal_light,stability_filtered,0.016666666666666673,0.830444385506942,large,stability_filtered
treatment_allocation_confounding,degradation,fairness_gap_increase,causal_light,stability_filtered,0.01375733235498623,0.7077088432997275,medium,stability_filtered
treatment_allocation_confounding,degradation,near_optimal_rate_drop,causal_light,stability_filtered,0.0019166666666666683,0.33742692604748026,small,stability_filtered
treatment_allocation_confounding,overall,success_rate,causal_light,structural_causal,-0.0004999999999999912,-0.01337866032024615,negligible,structural_causal
treatment_allocation_confounding,overall,near_optimal_rate,causal_light,structural_causal,0.0006666666666666673,0.2114602732299197,small,causal_light
treatment_allocation_confounding,overall,avg_cost,causal_light,structural_causal,0.08440138888888886,1.0020464603196175,large,structural_causal
treatment_allocation_confounding,overall,fairness_gap_ses,causal_light,structural_causal,0.02071419793328112,3.1777532063171727,large,structural_causal
treatment_allocation_confounding,normal,success_rate,causal_light,structural_causal,0.006833333333333321,0.1954218806439068,negligible,causal_light
treatment_allocation_confounding,normal,near_optimal_rate,causal_light,structural_causal,0.0015833333333333348,0.3167146573719004,small,causal_light
treatment_allocation_confounding,normal,avg_cost,causal_light,structural_causal,0.0945083333333333,1.1312187140954864,large,structural_causal
treatment_allocation_confounding,normal,fairness_gap_ses,causal_light,structural_causal,0.025959531960460466,1.753095410515215,large,structural_causal
treatment_allocation_confounding,surface_shift,success_rate,causal_light,structural_causal,0.009583333333333305,0.22500282850324022,small,causal_light
treatment_allocation_confounding,surface_shift,near_optimal_rate,causal_light,structural_causal,0.0031666666666666696,0.8886941247777431,large,causal_light
treatment_allocation_confounding,surface_shift,avg_cost,causal_light,structural_causal,0.06591666666666662,0.7303091571790217,medium,structural_causal
treatment_allocation_confounding,surface_shift,fairness_gap_ses,causal_light,structural_causal,0.0039759390326197025,0.5961024299247921,medium,structural_causal
treatment_allocation_confounding,adversarial,success_rate,causal_light,structural_causal,-0.017916666666666702,-0.46868298943402925,small,structural_causal
treatment_allocation_confounding,adversarial,near_optimal_rate,causal_light,structural_causal,-0.0027500000000000024,-0.8459263548616169,large,structural_causal
treatment_allocation_confounding,adversarial,avg_cost,causal_light,structural_causal,0.09277916666666662,1.1147354469939026,large,structural_causal
treatment_allocation_confounding,adversarial,fairness_gap_ses,causal_light,structural_causal,0.03636567379523336,3.3367651420699693,large,structural_causal
treatment_allocation_confounding,degradation,success_rate_drop,causal_light,structural_causal,0.024750000000000022,1.2597047469369165,large,structural_causal
treatment_allocation_confounding,degradation,fairness_gap_increase,causal_light,structural_causal,0.010406141834772894,0.6637063673204793,medium,structural_causal
treatment_allocation_confounding,degradation,near_optimal_rate_drop,causal_light,structural_causal,0.0043333333333333375,0.8127886836118807,large,structural_causal
treatment_allocation_confounding,overall,success_rate,causal_light,workflow,0.125,25.045578889253306,large,causal_light
treatment_allocation_confounding,overall,near_optimal_rate,causal_light,workflow,0.11822222222222219,25.400181205331915,large,causal_light
treatment_allocation_confounding,overall,avg_cost,causal_light,workflow,-0.17666527777777777,-32.29236649629302,large,causal_light
treatment_allocation_confounding,overall,fairness_gap_ses,causal_light,workflow,-0.0011667298041403093,-0.26363455135297864,small,causal_light
treatment_allocation_confounding,normal,success_rate,causal_light,workflow,0.12349999999999998,12.793853325985449,large,causal_light
treatment_allocation_confounding,normal,near_optimal_rate,causal_light,workflow,0.11049999999999999,13.705838172107521,large,causal_light
treatment_allocation_confounding,normal,avg_cost,causal_light,workflow,-0.17236666666666667,-21.178447200617985,large,causal_light
treatment_allocation_confounding,normal,fairness_gap_ses,causal_light,workflow,0.005073018798869126,0.7404148350179928,medium,workflow
treatment_allocation_confounding,surface_shift,success_rate,causal_light,workflow,0.11166666666666665,12.313332318589168,large,causal_light
treatment_allocation_confounding,surface_shift,near_optimal_rate,causal_light,workflow,0.10108333333333334,18.656521244493465,large,causal_light
treatment_allocation_confounding,surface_shift,avg_cost,causal_light,workflow,-0.155575,-22.70892918758094,large,causal_light
treatment_allocation_confounding,surface_shift,fairness_gap_ses,causal_light,workflow,0.0005864656392183691,0.05838828793575608,negligible,workflow
treatment_allocation_confounding,adversarial,success_rate,causal_light,workflow,0.13983333333333334,14.624466274385176,large,causal_light
treatment_allocation_confounding,adversarial,near_optimal_rate,causal_light,workflow,0.14308333333333334,14.852181395129612,large,causal_light
treatment_allocation_confounding,adversarial,avg_cost,causal_light,workflow,-0.20205416666666665,-20.02100530683365,large,causal_light
treatment_allocation_confounding,adversarial,fairness_gap_ses,causal_light,workflow,-0.003783713591841183,-0.46387326147768987,small,causal_light
treatment_allocation_confounding,degradation,success_rate_drop,causal_light,workflow,-0.016333333333333293,-1.5173048759136696,large,causal_light
treatment_allocation_confounding,degradation,fairness_gap_increase,causal_light,workflow,-0.008856732390710309,-0.9274967562960623,large,causal_light
treatment_allocation_confounding,degradation,near_optimal_rate_drop,causal_light,workflow,-0.03258333333333336,-3.785604628021795,large,causal_light
treatment_allocation_confounding,overall,success_rate,stability_filtered,structural_causal,-0.026166666666666682,-0.39182601555787133,small,structural_causal
treatment_allocation_confounding,overall,near_optimal_rate,stability_filtered,structural_causal,0.0005833333333333338,0.15188706281096195,negligible,stability_filtered
treatment_allocation_confounding,overall,avg_cost,stability_filtered,structural_causal,0.0804222222222222,0.5952467367531858,medium,structural_causal
treatment_allocation_confounding,overall,fairness_gap_ses,stability_filtered,structural_causal,0.0006417830274666962,0.10977893569994392,negligible,structural_causal
treatment_allocation_confounding,normal,success_rate,stability_filtered,structural_causal,-0.024499999999999977,-0.3617299768170986,small,structural_causal
treatment_allocation_confounding,normal,near_optimal_rate,stability_filtered,structural_causal,0.0009166666666666675,0.1746812122282987,negligible,stability_filtered
treatment_allocation_confounding,normal,avg_cost,stability_filtered,structural_causal,0.09727500000000001,0.736493221667522,medium,structural_causal
treatment_allocation_confounding,normal,fairness_gap_ses,stability_filtered,structural_causal,0.0028871657985746787,0.2044945521394384,small,structural_causal
treatment_allocation_confounding,surface_shift,success_rate,stability_filtered,structural_causal,-0.02141666666666665,-0.31522714615980485,small,structural_causal
treatment_allocation_confounding,surface_shift,near_optimal_rate,stability_filtered,structural_causal,0.0023333333333333353,0.7226941411865924,medium,stability_filtered
treatment_allocation_confounding,surface_shift,avg_cost,stability_filtered,structural_causal,0.07140416666666664,0.4990095193818754,small,structural_causal
treatment_allocation_confounding,surface_shift,fairness_gap_ses,stability_filtered,structural_causal,0.004218785890238497,0.7081708164287326,medium,structural_causal
treatment_allocation_confounding,adversarial,success_rate,stability_filtered,structural_causal,-0.032583333333333325,-0.47192532162985346,small,structural_causal
treatment_allocation_confounding,adversarial,near_optimal_rate,stability_filtered,structural_causal,-0.0015000000000000013,-0.314015250727163,small,structural_causal
treatment_allocation_confounding,adversarial,avg_cost,stability_filtered,structural_causal,0.07258750000000001,0.5423976215534304,medium,structural_causal
treatment_allocation_confounding,adversarial,fairness_gap_ses,stability_filtered,structural_causal,-0.000464024721638654,-0.03749652166831726,negligible,stability_filtered
treatment_allocation_confounding,degradation,success_rate_drop,stability_filtered,structural_causal,0.00808333333333335,0.2829273034328508,small,structural_causal
treatment_allocation_confounding,degradation,fairness_gap_increase,stability_filtered,structural_causal,-0.0033511905202133333,-0.15260661808481957,negligible,stability_filtered
treatment_allocation_confounding,degradation,near_optimal_rate_drop,stability_filtered,structural_causal,0.002416666666666669,0.5142620040456338,medium,structural_causal
treatment_allocation_confounding,overall,success_rate,stability_filtered,workflow,0.09933333333333332,2.367344280135263,large,stability_filtered
treatment_allocation_confounding,overall,near_optimal_rate,stability_filtered,workflow,0.11813888888888886,19.986669441730093,large,stability_filtered
treatment_allocation_confounding,overall,avg_cost,stability_filtered,workflow,-0.1806444444444444,-2.083930305463778,large,stability_filtered
treatment_allocation_confounding,overall,fairness_gap_ses,stability_filtered,workflow,-0.021239144709954732,-2.4862931673639097,large,stability_filtered
treatment_allocation_confounding,normal,success_rate,stability_filtered,workflow,0.09216666666666669,2.3376333861162415,large,stability_filtered
treatment_allocation_confounding,normal,near_optimal_rate,stability_filtered,workflow,0.10983333333333334,11.858266311929565,large,stability_filtered
treatment_allocation_confounding,normal,avg_cost,stability_filtered,workflow,-0.16959999999999995,-2.098417992201473,large,stability_filtered
treatment_allocation_confounding,normal,fairness_gap_ses,stability_filtered,workflow,-0.017999347363016657,-1.7421941212211656,large,stability_filtered
treatment_allocation_confounding,surface_shift,success_rate,stability_filtered,workflow,0.0806666666666667,1.8336490714452653,large,stability_filtered
treatment_allocation_confounding,surface_shift,near_optimal_rate,stability_filtered,workflow,0.10024999999999996,16.96187216530014,large,stability_filtered
treatment_allocation_confounding,surface_shift,avg_cost,stability_filtered,workflow,-0.1500875,-1.6477469641276434,large,stability_filtered
treatment_allocation_confounding,surface_shift,fairness_gap_ses,stability_filtered,workflow,0.0008293124968371631,0.09420184077998925,negligible,workflow
treatment_allocation_confounding,adversarial,success_rate,stability_filtered,workflow,0.12516666666666668,2.7139307040118945,large,stability_filtered
treatment_allocation_confounding,adversarial,near_optimal_rate,stability_filtered,workflow,0.14433333333333334,13.634529570571194,large,stability_filtered
treatment_allocation_confounding,adversarial,avg_cost,stability_filtered,workflow,-0.22224583333333325,-2.46487199776822,large,stability_filtered
treatment_allocation_confounding,adversarial,fairness_gap_ses,stability_filtered,workflow,-0.0406134121087132,-2.6017978280506537,large,stability_filtered
treatment_allocation_confounding,degradation,success_rate_drop,stability_filtered,workflow,-0.03299999999999997,-1.5108222401935336,large,stability_filtered
treatment_allocation_confounding,degradation,fairness_gap_increase,stability_filtered,workflow,-0.022614064745696535,-1.2846485722841614,large,stability_filtered
treatment_allocation_confounding,degradation,near_optimal_rate_drop,stability_filtered,workflow,-0.03450000000000003,-3.7261436286680385,large,stability_filtered
treatment_allocation_confounding,overall,success_rate,structural_causal,workflow,0.12550000000000003,3.0989538925314157,large,structural_causal
treatment_allocation_confounding,overall,near_optimal_rate,structural_causal,workflow,0.11755555555555557,19.51426926677992,large,structural_causal
treatment_allocation_confounding,overall,avg_cost,structural_causal,workflow,-0.2610666666666666,-3.0161583583276546,large,structural_causal
treatment_allocation_confounding,overall,fairness_gap_ses,structural_causal,workflow,-0.021880927737421427,-2.754499129717623,large,structural_causal
treatment_allocation_confounding,normal,success_rate,structural_causal,workflow,0.11666666666666668,2.8676616713781833,large,structural_causal
treatment_allocation_confounding,normal,near_optimal_rate,structural_causal,workflow,0.10891666666666666,11.048892795923027,large,structural_causal
treatment_allocation_confounding,normal,avg_cost,structural_causal,workflow,-0.266875,-3.122543549209706,large,structural_causal
treatment_allocation_confounding,normal,fairness_gap_ses,structural_causal,workflow,-0.020886513161591343,-1.2173602721578105,large,structural_causal
treatment_allocation_confounding,surface_shift,success_rate,structural_causal,workflow,0.10208333333333335,2.4083836240988665,large,structural_causal
treatment_allocation_confounding,surface_shift,near_optimal_rate,structural_causal,workflow,0.09791666666666665,16.09904906648552,large,structural_causal
treatment_allocation_confounding,surface_shift,avg_cost,structural_causal,workflow,-0.22149166666666664,-2.4426773865880844,large,structural_causal
treatment_allocation_confounding,surface_shift,fairness_gap_ses,structural_causal,workflow,-0.003389473393401334,-0.358785123690811,small,structural_causal
treatment_allocation_confounding,adversarial,success_rate,structural_causal,workflow,0.15775,3.5972191292599733,large,structural_causal
treatment_allocation_confounding,adversarial,near_optimal_rate,structural_causal,workflow,0.14583333333333334,14.441797073914328,large,structural_causal
treatment_allocation_confounding,adversarial,avg_cost,structural_causal,workflow,-0.2948333333333332,-3.344344892696619,large,structural_causal
treatment_allocation_confounding,adversarial,fairness_gap_ses,structural_causal,workflow,-0.04014938738707454,-3.275284823066641,large,structural_causal
treatment_allocation_confounding,degradation,success_rate_drop,structural_causal,workflow,-0.04108333333333331,-1.7228650134750982,large,structural_causal
treatment_allocation_confounding,degradation,fairness_gap_increase,structural_causal,workflow,-0.0192628742254832,-1.0077400678632031,large,structural_causal
treatment_allocation_confounding,degradation,near_optimal_rate_drop,structural_causal,workflow,-0.0369166666666667,-3.5127365356325635,large,structural_causal
missing_data_bias,overall,success_rate,baseline,causal_light,-0.1075,-12.338477375758137,large,causal_light
missing_data_bias,overall,near_optimal_rate,baseline,causal_light,-0.047916666666666684,-8.296582221244192,large,causal_light
missing_data_bias,overall,avg_cost,baseline,causal_light,0.1537152777777778,17.854534065503174,large,causal_light
missing_data_bias,overall,fairness_gap_ses,baseline,causal_light,0.009999810507687263,1.5451382896345405,large,causal_light
missing_data_bias,normal,success_rate,baseline,causal_light,-0.08591666666666664,-6.790540751112613,large,causal_light
missing_data_bias,normal,near_optimal_rate,baseline,causal_light,-0.03250000000000003,-5.228597832508984,large,causal_light
missing_data_bias,normal,avg_cost,baseline,causal_light,0.1213541666666667,8.16968300056352,large,causal_light
missing_data_bias,normal,fairness_gap_ses,baseline,causal_light,0.0057462211825027275,0.5566711900272788,medium,causal_light
missing_data_bias,surface_shift,success_rate,baseline,causal_light,-0.09949999999999999,-5.9014058479121445,large,causal_light
missing_data_bias,surface_shift,near_optimal_rate,baseline,causal_light,-0.041416666666666706,-5.4343721592456395,large,causal_light
missing_data_bias,surface_shift,avg_cost,baseline,causal_light,0.14101666666666668,12.495768226939878,large,causal_light
missing_data_bias,surface_shift,fairness_gap_ses,baseline,causal_light,0.007679052284229191,0.592904055363579,medium,causal_light
missing_data_bias,adversarial,success_rate,baseline,causal_light,-0.13708333333333333,-10.010140115753108,large,causal_light
missing_data_bias,adversarial,near_optimal_rate,baseline,causal_light,-0.0698333333333333,-8.621658014153104,large,causal_light
missing_data_bias,adversarial,avg_cost,baseline,causal_light,0.198775,19.313464971256305,large,causal_light
missing_data_bias,adversarial,fairness_gap_ses,baseline,causal_light,0.005729298622419871,0.3892525625008933,small,causal_light
missing_data_bias,degradation,success_rate_drop,baseline,causal_light,0.05116666666666667,2.2446571760838365,large,causal_light
missing_data_bias,degradation,fairness_gap_increase,baseline,causal_light,-1.6922560082856773e-05,-0.001120295374489437,negligible,baseline
missing_data_bias,degradation,near_optimal_rate_drop,baseline,causal_light,0.037333333333333274,4.23540287877102,large,causal_light
missing_data_bias,overall,success_rate,baseline,stability_filtered,-0.12066666666666664,-3.1545445770149856,large,stability_filtered
missing_data_bias,overall,near_optimal_rate,baseline,stability_filtered,-0.04536111111111112,-8.269363905835181,large,stability_filtered
missing_data_bias,overall,avg_cost,baseline,stability_filtered,0.2337944444444444,2.856774368143676,large,stability_filtered
missing_data_bias,overall,fairness_gap_ses,baseline,stability_filtered,0.010467869821697185,1.4732791457704855,large,stability_filtered
missing_data_bias,normal,success_rate,baseline,stability_filtered,-0.09983333333333333,-2.382289741686861,large,stability_filtered
missing_data_bias,normal,near_optimal_rate,baseline,stability_filtered,-0.03058333333333336,-4.819701584284586,large,stability_filtered
missing_data_bias,normal,avg_cost,baseline,stability_filtered,0.20562500000000003,2.485896022165651,large,stability_filtered
missing_data_bias,normal,fairness_gap_ses,baseline,stability_filtered,0.005206002038038883,0.7759232168176596,medium,stability_filtered
missing_data_bias,surface_shift,success_rate,baseline,stability_filtered,-0.11299999999999999,-3.086924760601067,large,stability_filtered
missing_data_bias,surface_shift,near_optimal_rate,baseline,stability_filtered,-0.039666666666666704,-5.0426033469358105,large,stability_filtered
missing_data_bias,surface_shift,avg_cost,baseline,stability_filtered,0.22930833333333334,2.8256120176505592,large,stability_filtered
missing_data_bias,surface_shift,fairness_gap_ses,baseline,stability_filtered,0.010138167170037822,0.6741286917636319,medium,stability_filtered
missing_data_bias,adversarial,success_rate,baseline,stability_filtered,-0.1491666666666667,-3.623479081716906,large,stability_filtered
missing_data_bias,adversarial,near_optimal_rate,baseline,stability_filtered,-0.0658333333333333,-8.050106919582174,large,stability_filtered
missing_data_bias,adversarial,avg_cost,baseline,stability_filtered,0.26645,3.221522163618455,large,stability_filtered
missing_data_bias,adversarial,fairness_gap_ses,baseline,stability_filtered,0.0056955626089876905,0.5649652179350767,medium,stability_filtered
missing_data_bias,degradation,success_rate_drop,baseline,stability_filtered,0.04933333333333334,2.2009246147085686,large,stability_filtered
missing_data_bias,degradation,fairness_gap_increase,baseline,stability_filtered,0.0004895605709488072,0.03984996690559631,negligible,stability_filtered
missing_data_bias,degradation,near_optimal_rate_drop,baseline,stability_filtered,0.03524999999999994,3.4713713110136766,large,stability_filtered
missing_data_bias,overall,success_rate,baseline,structural_causal,-0.11005555555555553,-2.7787348152930273,large,structural_causal
missing_data_bias,overall,near_optimal_rate,baseline,structural_causal,-0.04550000000000002,-8.174705314413623,large,structural_causal
missing_data_bias,overall,avg_cost,baseline,structural_causal,0.22960833333333333,2.667882617410134,large,structural_causal
missing_data_bias,overall,fairness_gap_ses,baseline,structural_causal,0.010946027827004072,1.5791919728571606,large,structural_causal
missing_data_bias,normal,success_rate,baseline,structural_causal,-0.09116666666666666,-2.198591543178946,large,structural_causal
missing_data_bias,normal,near_optimal_rate,baseline,structural_causal,-0.02916666666666669,-3.937173407115257,large,structural_causal
missing_data_bias,normal,avg_cost,baseline,structural_causal,0.20274583333333332,2.232105312402611,large,structural_causal
missing_data_bias,normal,fairness_gap_ses,baseline,structural_causal,0.002483901571912478,0.22431438809756407,small,structural_causal
missing_data_bias,surface_shift,success_rate,baseline,structural_causal,-0.10149999999999999,-2.3840244117473333,large,structural_causal
missing_data_bias,surface_shift,near_optimal_rate,baseline,structural_causal,-0.038916666666666704,-5.655198463672209,large,structural_causal
missing_data_bias,surface_shift,avg_cost,baseline,structural_causal,0.21690833333333334,2.559830765762689,large,structural_causal
missing_data_bias,surface_shift,fairness_gap_ses,baseline,structural_causal,0.012542142599447864,0.8779154748170238,large,structural_causal
missing_data_bias,adversarial,success_rate,baseline,structural_causal,-0.13749999999999998,-3.3162082349872195,large,structural_causal
missing_data_bias,adversarial,near_optimal_rate,baseline,structural_causal,-0.06841666666666664,-8.078722453918562,large,structural_causal
missing_data_bias,adversarial,avg_cost,baseline,structural_causal,0.2691708333333333,3.0601072157180607,large,structural_causal
missing_data_bias,adversarial,fairness_gap_ses,baseline,structural_causal,0.004485267967908396,0.3474209871908655,small,structural_causal
missing_data_bias,degradation,success_rate_drop,baseline,structural_causal,0.04633333333333336,1.8514939741866732,large,structural_causal
missing_data_bias,degradation,fairness_gap_increase,baseline,structural_causal,0.0020013663959959167,0.13478514249752455,negligible,structural_causal
missing_data_bias,degradation,near_optimal_rate_drop,baseline,structural_causal,0.039249999999999945,3.7481532585716044,large,structural_causal
missing_data_bias,overall,success_rate,baseline,workflow,-0.03552777777777777,-5.2115085833443695,large,workflow
missing_data_bias,overall,near_optimal_rate,baseline,workflow,-0.02561111111111113,-5.460725121538602,large,workflow
missing_data_bias,overall,avg_cost,baseline,workflow,0.04934166666666667,6.379010330175226,large,workflow
missing_data_bias,overall,fairness_gap_ses,baseline,workflow,-4.542153763245641e-05,-0.010454748154205213,negligible,baseline
missing_data_bias,normal,success_rate,baseline,workflow,-0.0316666666666667,-2.7405458612275218,large,workflow
missing_data_bias,normal,near_optimal_rate,baseline,workflow,-0.017750000000000016,-2.1129727362696857,large,workflow
missing_data_bias,normal,avg_cost,baseline,workflow,0.04215416666666668,3.2468994107174853,large,workflow
missing_data_bias,normal,fairness_gap_ses,baseline,workflow,-0.000937611655867862,-0.09241456173744966,negligible,baseline
missing_data_bias,surface_shift,success_rate,baseline,workflow,-0.03300000000000002,-3.355362669908659,large,workflow
missing_data_bias,surface_shift,near_optimal_rate,baseline,workflow,-0.02250000000000002,-3.5697527941639944,large,workflow
missing_data_bias,surface_shift,avg_cost,baseline,workflow,0.045808333333333374,4.710261407248408,large,workflow
missing_data_bias,surface_shift,fairness_gap_ses,baseline,workflow,0.00010861112177038001,0.010476547254667214,negligible,workflow
missing_data_bias,adversarial,success_rate,baseline,workflow,-0.041916666666666665,-3.866320165908256,large,workflow
missing_data_bias,adversarial,near_optimal_rate,baseline,workflow,-0.03658333333333327,-4.033437421043595,large,workflow
missing_data_bias,adversarial,avg_cost,baseline,workflow,0.06006250000000001,6.412942242527726,large,workflow
missing_data_bias,adversarial,fairness_gap_ses,baseline,workflow,-0.0011375509763620736,-0.1138322744033911,negligible,baseline
missing_data_bias,degradation,success_rate_drop,baseline,workflow,0.010249999999999973,0.5986953068163865,medium,workflow
missing_data_bias,degradation,fairness_gap_increase,baseline,workflow,-0.00019993932049421187,-0.012795443608404287,negligible,baseline
missing_data_bias,degradation,near_optimal_rate_drop,baseline,workflow,0.018833333333333258,1.4017493487212163,large,workflow
missing_data_bias,overall,success_rate,causal_light,stability_filtered,-0.01316666666666666,-0.30364613015853936,small,stability_filtered
missing_data_bias,overall,near_optimal_rate,causal_light,stability_filtered,0.002555555555555561,1.7687551056197428,large,causal_light
missing_data_bias,overall,avg_cost,causal_light,stability_filtered,0.0800791666666666,0.9370311879546125,large,stability_filtered
missing_data_bias,overall,fairness_gap_ses,causal_light,stability_filtered,0.0004680593140099221,0.07851507981286533,negligible,stability_filtered
missing_data_bias,normal,success_rate,causal_light,stability_filtered,-0.013916666666666688,-0.3483631280718151,small,stability_filtered
missing_data_bias,normal,near_optimal_rate,causal_light,stability_filtered,0.0019166666666666683,1.2734971031749038,large,causal_light
missing_data_bias,normal,avg_cost,causal_light,stability_filtered,0.0842708333333333,1.0162870272933764,large,stability_filtered
missing_data_bias,normal,fairness_gap_ses,causal_light,stability_filtered,-0.0005402191444638446,-0.05894994309645872,negligible,causal_light
missing_data_bias,surface_shift,success_rate,causal_light,stability_filtered,-0.01350000000000002,-0.3090539063386888,small,stability_filtered
missing_data_bias,surface_shift,near_optimal_rate,causal_light,stability_filtered,0.0017500000000000016,0.6178414402787977,medium,causal_light
missing_data_bias,surface_shift,avg_cost,causal_light,stability_filtered,0.08829166666666662,0.9991810805819978,large,stability_filtered
missing_data_bias,surface_shift,fairness_gap_ses,causal_light,stability_filtered,0.00245911488580863,0.29337956553142525,small,stability_filtered
missing_data_bias,adversarial,success_rate,causal_light,stability_filtered,-0.012083333333333354,-0.24575372675229243,small,stability_filtered
missing_data_bias,adversarial,near_optimal_rate,causal_light,stability_filtered,0.0040000000000000036,1.0174940381383366,large,causal_light
missing_data_bias,adversarial,avg_cost,causal_light,stability_filtered,0.06767499999999997,0.7877549780434627,medium,stability_filtered
missing_data_bias,adversarial,fairness_gap_ses,causal_light,stability_filtered,-3.373601343218136e-05,-0.002702195821403448,negligible,causal_light
missing_data_bias,degradation,success_rate_drop,causal_light,stability_filtered,-0.001833333333333335,-0.10037474820797868,negligible,causal_light
missing_data_bias,degradation,fairness_gap_increase,causal_light,stability_filtered,0.0005064831310316632,0.040184209938796005,negligible,stability_filtered
missing_data_bias,degradation,near_optimal_rate_drop,causal_light,stability_filtered,-0.002083333333333335,-0.4691466766104927,small,causal_light
missing_data_bias,overall,success_rate,causal_light,structural_causal,-0.002555555555555561,-0.06097857561552923,negligible,structural_causal
missing_data_bias,overall,near_optimal_rate,causal_light,structural_causal,0.0024166666666666594,0.9982211666911905,large,causal_light
missing_data_bias,overall,avg_cost,causal_light,structural_causal,0.07589305555555552,0.8718976486209091,large,structural_causal
missing_data_bias,overall,fairness_gap_ses,causal_light,structural_causal,0.0009462173193168101,0.1807952192137033,negligible,structural_causal
missing_data_bias,normal,success_rate,causal_light,structural_causal,-0.005250000000000005,-0.13157842141974382,negligible,structural_causal
missing_data_bias,normal,near_optimal_rate,causal_light,structural_causal,0.003333333333333336,0.952675579132743,large,causal_light
missing_data_bias,normal,avg_cost,causal_light,structural_causal,0.08139166666666663,0.9208922826845709,large,structural_causal
missing_data_bias,normal,fairness_gap_ses,causal_light,structural_causal,-0.0032623196105902503,-0.23568038914852857,small,causal_light
missing_data_bias,surface_shift,success_rate,causal_light,structural_causal,-0.002000000000000011,-0.047361027059980555,negligible,structural_causal
missing_data_bias,surface_shift,near_optimal_rate,causal_light,structural_causal,0.0025000000000000022,1.0129755194401664,large,causal_light
missing_data_bias,surface_shift,avg_cost,causal_light,structural_causal,0.07589166666666664,0.8701158031770305,large,structural_causal
missing_data_bias,surface_shift,fairness_gap_ses,causal_light,structural_causal,0.00486309031521867,0.5661501555755919,medium,structural_causal
missing_data_bias,adversarial,success_rate,causal_light,structural_causal,-0.00041666666666668556,-0.008846714866540496,negligible,structural_causal
missing_data_bias,adversarial,near_optimal_rate,causal_light,structural_causal,0.0014166666666666679,0.3958064226693347,small,causal_light
missing_data_bias,adversarial,avg_cost,causal_light,structural_causal,0.07039583333333331,0.7862311849072579,medium,structural_causal
missing_data_bias,adversarial,fairness_gap_ses,causal_light,structural_causal,-0.0012440306545114773,-0.10551653439818402,negligible,causal_light
missing_data_bias,degradation,success_rate_drop,causal_light,structural_causal,-0.004833333333333319,-0.24561522408519965,small,causal_light
missing_data_bias,degradation,fairness_gap_increase,causal_light,structural_causal,0.002018288956078772,0.1194670209116928,negligible,structural_causal
missing_data_bias,degradation,near_optimal_rate_drop,causal_light,structural_causal,0.0019166666666666683,0.43565038616916335,small,structural_causal
missing_data_bias,overall,success_rate,causal_light,workflow,0.07197222222222222,14.524375689613477,large,causal_light
missing_data_bias,overall,near_optimal_rate,causal_light,workflow,0.02230555555555555,6.67676175232406,large,causal_light
missing_data_bias,overall,avg_cost,causal_light,workflow,-0.10437361111111114,-31.906252881252342,large,causal_light
missing_data_bias,overall,fairness_gap_ses,causal_light,workflow,-0.01004523204531972,-1.36468639169052,large,causal_light
missing_data_bias,normal,success_rate,causal_light,workflow,0.05424999999999996,9.479689014772246,large,causal_light
missing_data_bias,normal,near_optimal_rate,causal_light,workflow,0.014750000000000013,3.3266744664575083,large,causal_light
missing_data_bias,normal,avg_cost,causal_light,workflow,-0.0792,-13.592868234410519,large,causal_light
missing_data_bias,normal,fairness_gap_ses,causal_light,workflow,-0.00668383283837059,-0.8286334537808796,large,causal_light
missing_data_bias,surface_shift,success_rate,causal_light,workflow,0.06649999999999996,5.421494091789743,large,causal_light
missing_data_bias,surface_shift,near_optimal_rate,causal_light,workflow,0.018916666666666682,2.922333304258776,large,causal_light
missing_data_bias,surface_shift,avg_cost,causal_light,workflow,-0.09520833333333334,-12.16171760280691,large,causal_light
missing_data_bias,surface_shift,fairness_gap_ses,causal_light,workflow,-0.007570441162458811,-0.8177624675561053,large,causal_light
missing_data_bias,adversarial,success_rate,causal_light,workflow,0.09516666666666666,10.285670359741388,large,causal_light
missing_data_bias,adversarial,near_optimal_rate,causal_light,workflow,0.03325000000000003,4.570179349571278,large,causal_light
missing_data_bias,adversarial,avg_cost,causal_light,workflow,-0.1387125,-22.10956600262095,large,causal_light
missing_data_bias,adversarial,fairness_gap_ses,causal_light,workflow,-0.0068668495987819446,-0.43526508715726436,small,causal_light
missing_data_bias,degradation,success_rate_drop,causal_light,workflow,-0.040916666666666705,-3.6731910734049293,large,causal_light
missing_data_bias,degradation,fairness_gap_increase,causal_light,workflow,-0.00018301676041135596,-0.010377516705259673,negligible,causal_light
missing_data_bias,degradation,near_optimal_rate_drop,causal_light,workflow,-0.018500000000000016,-1.8441415822133667,large,causal_light
missing_data_bias,overall,success_rate,stability_filtered,structural_causal,0.010611111111111099,0.4241475023255561,small,stability_filtered
missing_data_bias,overall,near_optimal_rate,stability_filtered,structural_causal,-0.00013888888888890136,-0.05609453715172173,negligible,structural_causal
missing_data_bias,overall,avg_cost,stability_filtered,structural_causal,-0.004186111111111096,-0.05312214953575994,negligible,stability_filtered
missing_data_bias,overall,fairness_gap_ses,stability_filtered,structural_causal,0.0004781580053068878,0.1375353519278204,negligible,structural_causal
missing_data_bias,normal,success_rate,stability_filtered,structural_causal,0.008666666666666684,0.39302997094654035,small,stability_filtered
missing_data_bias,normal,near_optimal_rate,stability_filtered,structural_causal,0.0014166666666666679,0.4045118201505961,small,stability_filtered
missing_data_bias,normal,avg_cost,stability_filtered,structural_causal,-0.002879166666666664,-0.03668080878513293,negligible,stability_filtered
missing_data_bias,normal,fairness_gap_ses,stability_filtered,structural_causal,-0.0027221004661264043,-0.35129673135797856,small,stability_filtered
missing_data_bias,surface_shift,success_rate,stability_filtered,structural_causal,0.01150000000000001,0.3843635660000635,small,stability_filtered
missing_data_bias,surface_shift,near_optimal_rate,stability_filtered,structural_causal,0.0007500000000000007,0.2163016167623087,small,stability_filtered
missing_data_bias,surface_shift,avg_cost,stability_filtered,structural_causal,-0.012399999999999987,-0.1515930626348753,negligible,stability_filtered
missing_data_bias,surface_shift,fairness_gap_ses,stability_filtered,structural_causal,0.002403975429410041,0.3771661582095497,small,structural_causal
missing_data_bias,adversarial,success_rate,stability_filtered,structural_causal,0.011666666666666667,0.4194810796586605,small,stability_filtered
missing_data_bias,adversarial,near_optimal_rate,stability_filtered,structural_causal,-0.0025833333333333355,-0.6515659234570527,medium,structural_causal
missing_data_bias,adversarial,avg_cost,stability_filtered,structural_causal,0.00272083333333333,0.03375905334541791,negligible,structural_causal
missing_data_bias,adversarial,fairness_gap_ses,stability_filtered,structural_causal,-0.0012102946410792951,-0.1730450162565147,negligible,stability_filtered
missing_data_bias,degradation,success_rate_drop,stability_filtered,structural_causal,-0.002999999999999984,-0.15141757212648638,negligible,stability_filtered
missing_data_bias,degradation,fairness_gap_increase,stability_filtered,structural_causal,0.0015118058250471092,0.14445276422299588,negligible,structural_causal
missing_data_bias,degradation,near_optimal_rate_drop,stability_filtered,structural_causal,0.0040000000000000036,0.7486718601230631,medium,structural_causal
missing_data_bias,overall,success_rate,stability_filtered,workflow,0.08513888888888888,2.0591367642380676,large,stability_filtered
missing_data_bias,overall,near_optimal_rate,stability_filtered,workflow,0.01974999999999999,6.4017929549416435,large,stability_filtered
missing_data_bias,overall,avg_cost,stability_filtered,workflow,-0.1844527777777778,-2.1610130224459243,large,stability_filtered
missing_data_bias,overall,fairness_gap_ses,stability_filtered,workflow,-0.010513291359329643,-1.3647463209535597,large,stability_filtered
missing_data_bias,normal,success_rate,stability_filtered,workflow,0.06816666666666664,1.6060684698766685,large,stability_filtered
missing_data_bias,normal,near_optimal_rate,stability_filtered,workflow,0.012833333333333344,3.327022199232931,large,stability_filtered
missing_data_bias,normal,avg_cost,stability_filtered,workflow,-0.16347083333333332,-1.9072555901628157,large,stability_filtered
missing_data_bias,normal,fairness_gap_ses,stability_filtered,workflow,-0.006143613693906744,-0.6493050058215821,medium,stability_filtered
missing_data_bias,surface_shift,success_rate,stability_filtered,workflow,0.07999999999999999,2.075679535100672,large,stability_filtered
missing_data_bias,surface_shift,near_optimal_rate,stability_filtered,workflow,0.01716666666666668,2.7792657739034237,large,stability_filtered
missing_data_bias,surface_shift,avg_cost,stability_filtered,workflow,-0.18349999999999997,-2.1666833053568473,large,stability_filtered
missing_data_bias,surface_shift,fairness_gap_ses,stability_filtered,workflow,-0.010029556048267442,-0.7630038964277865,medium,stability_filtered
missing_data_bias,adversarial,success_rate,stability_filtered,workflow,0.10725000000000003,2.3432161631534636,large,stability_filtered
missing_data_bias,adversarial,near_optimal_rate,stability_filtered,workflow,0.029250000000000026,5.3221819555041865,large,stability_filtered
missing_data_bias,adversarial,avg_cost,stability_filtered,workflow,-0.20638749999999995,-2.389576478201993,large,stability_filtered
missing_data_bias,adversarial,fairness_gap_ses,stability_filtered,workflow,-0.006833113585349764,-0.7122114162032935,medium,stability_filtered
missing_data_bias,degradation,success_rate_drop,stability_filtered,workflow,-0.039083333333333366,-2.6883403085076463,large,stability_filtered
missing_data_bias,degradation,fairness_gap_increase,stability_filtered,workflow,-0.0006894998914430197,-0.04833470150494525,negligible,stability_filtered
missing_data_bias,degradation,near_optimal_rate_drop,stability_filtered,workflow,-0.01641666666666668,-2.2248366151060015,large,stability_filtered
missing_data_bias,overall,success_rate,structural_causal,workflow,0.07452777777777778,1.8468221563203497,large,structural_causal
missing_data_bias,overall,near_optimal_rate,structural_causal,workflow,0.01988888888888889,6.550463398332608,large,structural_causal
missing_data_bias,overall,avg_cost,structural_causal,workflow,-0.1802666666666667,-2.0636248780514928,large,structural_causal
missing_data_bias,overall,fairness_gap_ses,structural_causal,workflow,-0.01099144936463653,-1.5431486430314383,large,structural_causal
missing_data_bias,normal,success_rate,structural_causal,workflow,0.05949999999999996,1.4735423354006518,large,structural_causal
missing_data_bias,normal,near_optimal_rate,structural_causal,workflow,0.011416666666666677,2.075237921831356,large,structural_causal
missing_data_bias,normal,avg_cost,structural_causal,workflow,-0.16059166666666663,-1.7998878459614198,large,structural_causal
missing_data_bias,normal,fairness_gap_ses,structural_causal,workflow,-0.0034215132277803403,-0.32214865203512194,small,structural_causal
missing_data_bias,surface_shift,success_rate,structural_causal,workflow,0.06849999999999998,1.5943564283390528,large,structural_causal
missing_data_bias,surface_shift,near_optimal_rate,structural_causal,workflow,0.01641666666666668,2.7680415437782755,large,structural_causal
missing_data_bias,surface_shift,avg_cost,structural_causal,workflow,-0.17109999999999995,-1.9625524217499013,large,structural_causal
missing_data_bias,surface_shift,fairness_gap_ses,structural_causal,workflow,-0.01243353147767748,-0.8993084861153496,large,structural_causal
missing_data_bias,adversarial,success_rate,structural_causal,workflow,0.09558333333333335,2.266647120846228,large,structural_causal
missing_data_bias,adversarial,near_optimal_rate,structural_causal,workflow,0.03183333333333336,4.486981413768673,large,structural_causal
missing_data_bias,adversarial,avg_cost,structural_causal,workflow,-0.20910833333333334,-2.311641052159889,large,structural_causal
missing_data_bias,adversarial,fairness_gap_ses,structural_causal,workflow,-0.005622818944270469,-0.5299175781936197,medium,structural_causal
missing_data_bias,degradation,success_rate_drop,structural_causal,workflow,-0.036083333333333384,-2.5440196590943027,large,structural_causal
missing_data_bias,degradation,fairness_gap_increase,structural_causal,workflow,-0.002201305716490129,-0.12856223780875622,negligible,structural_causal
missing_data_bias,degradation,near_optimal_rate_drop,structural_causal,workflow,-0.020416666666666684,-1.8491846788652662,large,structural_causal
historical_bias_feedback,overall,success_rate,baseline,causal_light,-0.07575,-14.18738955278994,large,causal_light
historical_bias_feedback,overall,near_optimal_rate,baseline,causal_light,-0.08038888888888888,-16.992661699313086,large,causal_light
historical_bias_feedback,overall,avg_cost,baseline,causal_light,0.10383611111111109,18.212080142623577,large,causal_light
historical_bias_feedback,overall,fairness_gap_ses,baseline,causal_light,0.04057984236985058,7.413625505273759,large,causal_light
historical_bias_feedback,normal,success_rate,baseline,causal_light,-0.060416666666666646,-5.4079294148868575,large,causal_light
historical_bias_feedback,normal,near_optimal_rate,baseline,causal_light,-0.05266666666666669,-6.580218436857436,large,causal_light
historical_bias_feedback,normal,avg_cost,baseline,causal_light,0.07835833333333332,7.341728889276777,large,causal_light
historical_bias_feedback,normal,fairness_gap_ses,baseline,causal_light,0.03335834055146613,4.048682826108831,large,causal_light
historical_bias_feedback,surface_shift,success_rate,baseline,causal_light,-0.05583333333333334,-2.8554362923457832,large,causal_light
historical_bias_feedback,surface_shift,near_optimal_rate,baseline,causal_light,-0.05150000000000001,-5.0389907053011695,large,causal_light
historical_bias_feedback,surface_shift,avg_cost,baseline,causal_light,0.08065833333333335,5.08757755374491,large,causal_light
historical_bias_feedback,surface_shift,fairness_gap_ses,baseline,causal_light,0.02753348483565432,2.392525518967248,large,causal_light
historical_bias_feedback,adversarial,success_rate,baseline,causal_light,-0.11100000000000003,-13.533292282368006,large,causal_light
historical_bias_feedback,adversarial,near_optimal_rate,baseline,causal_light,-0.137,-12.161137548586664,large,causal_light
historical_bias_feedback,adversarial,avg_cost,baseline,causal_light,0.15249166666666666,16.38938254996801,large,causal_light
historical_bias_feedback,adversarial,fairness_gap_ses,baseline,causal_light,0.05255854493242392,7.238430550550773,large,causal_light
historical_bias_feedback,degradation,success_rate_drop,baseline,causal_light,0.05058333333333339,3.3654866574617355,large,causal_light
historical_bias_feedback,degradation,fairness_gap_increase,baseline,causal_light,0.019200204380957795,2.283897751429321,large,causal_light
historical_bias_feedback,degradation,near_optimal_rate_drop,baseline,causal_light,0.08433333333333333,5.380211722407523,large,causal_light
historical_bias_feedback,overall,success_rate,baseline,stability_filtered,-0.07608333333333332,-1.620487456082325,large,stability_filtered
historical_bias_feedback,overall,near_optimal_rate,baseline,stability_filtered,-0.08052777777777778,-14.39788008762362,large,stability_filtered
historical_bias_feedback,overall,avg_cost,baseline,stability_filtered,0.14731388888888886,1.619443158632394,large,stability_filtered
historical_bias_feedback,overall,fairness_gap_ses,baseline,stability_filtered,0.06333655157039729,8.407097143961321,large,stability_filtered
historical_bias_feedback,normal,success_rate,baseline,stability_filtered,-0.052583333333333336,-1.0018158735774807,large,stability_filtered
historical_bias_feedback,normal,near_optimal_rate,baseline,stability_filtered,-0.05125000000000002,-6.738702981894441,large,stability_filtered
historical_bias_feedback,normal,avg_cost,baseline,stability_filtered,0.10902916666666662,1.0971016307076147,large,stability_filtered
historical_bias_feedback,normal,fairness_gap_ses,baseline,stability_filtered,0.04546668282955988,3.7971233042454586,large,stability_filtered
historical_bias_feedback,surface_shift,success_rate,baseline,stability_filtered,-0.05691666666666667,-1.084374392477685,large,stability_filtered
historical_bias_feedback,surface_shift,near_optimal_rate,baseline,stability_filtered,-0.05041666666666667,-5.807845238825943,large,stability_filtered
historical_bias_feedback,surface_shift,avg_cost,baseline,stability_filtered,0.12172083333333328,1.2833243544460742,large,stability_filtered
historical_bias_feedback,surface_shift,fairness_gap_ses,baseline,stability_filtered,0.04425035701360844,2.7551554183931386,large,stability_filtered
historical_bias_feedback,adversarial,success_rate,baseline,stability_filtered,-0.11875000000000001,-2.9534974826656257,large,stability_filtered
historical_bias_feedback,adversarial,near_optimal_rate,baseline,stability_filtered,-0.1399166666666667,-10.763061753235933,large,stability_filtered
historical_bias_feedback,adversarial,avg_cost,baseline,stability_filtered,0.21119166666666664,2.610903249876412,large,stability_filtered
historical_bias_feedback,adversarial,fairness_gap_ses,baseline,stability_filtered,0.07781751821478246,9.220252726696085,large,stability_filtered
historical_bias_feedback,degradation,success_rate_drop,baseline,stability_filtered,0.06616666666666668,3.141525005640965,large,stability_filtered
historical_bias_feedback,degradation,fairness_gap_increase,baseline,stability_filtered,0.03235083538522257,2.164073003120376,large,stability_filtered
historical_bias_feedback,degradation,near_optimal_rate_drop,baseline,stability_filtered,0.08866666666666667,5.921087677047131,large,stability_filtered
historical_bias_feedback,overall,success_rate,baseline,structural_causal,-0.0848611111111111,-3.555168020420575,large,structural_causal
historical_bias_feedback,overall,near_optimal_rate,baseline,structural_causal,-0.07625,-12.346022842993685,large,structural_causal
historical_bias_feedback,overall,avg_cost,baseline,structural_causal,0.21865416666666668,3.7080273979321223,large,structural_causal
historical_bias_feedback,overall,fairness_gap_ses,baseline,structural_causal,0.06662653915928031,8.62343472716496,large,structural_causal
historical_bias_feedback,normal,success_rate,baseline,structural_causal,-0.0623333333333333,-1.9091031938419503,large,structural_causal
historical_bias_feedback,normal,near_optimal_rate,baseline,structural_causal,-0.047916666666666684,-5.791745711911135,large,structural_causal
historical_bias_feedback,normal,avg_cost,baseline,structural_causal,0.1870708333333333,3.1604653605738733,large,structural_causal
historical_bias_feedback,normal,fairness_gap_ses,baseline,structural_causal,0.05413424410394955,5.037267096682715,large,structural_causal
historical_bias_feedback,surface_shift,success_rate,baseline,structural_causal,-0.06316666666666663,-2.920542143114573,large,structural_causal
historical_bias_feedback,surface_shift,near_optimal_rate,baseline,structural_causal,-0.04641666666666667,-4.213502093484142,large,structural_causal
historical_bias_feedback,surface_shift,avg_cost,baseline,structural_causal,0.19417916666666665,3.615234297826462,large,structural_causal
historical_bias_feedback,surface_shift,fairness_gap_ses,baseline,structural_causal,0.04828791038556732,4.230521772285392,large,structural_causal
historical_bias_feedback,adversarial,success_rate,baseline,structural_causal,-0.12908333333333333,-4.431572107800742,large,structural_causal
historical_bias_feedback,adversarial,near_optimal_rate,baseline,structural_causal,-0.13441666666666666,-10.696950169056842,large,structural_causal
historical_bias_feedback,adversarial,avg_cost,baseline,structural_causal,0.27471249999999997,4.047316123034487,large,structural_causal
historical_bias_feedback,adversarial,fairness_gap_ses,baseline,structural_causal,0.0802372391968794,8.597280951159956,large,structural_causal
historical_bias_feedback,degradation,success_rate_drop,baseline,structural_causal,0.06675000000000002,2.910878544325432,large,structural_causal
historical_bias_feedback,degradation,fairness_gap_increase,baseline,structural_causal,0.02610299509292985,1.6271050304564763,large,structural_causal
historical_bias_feedback,degradation,near_optimal_rate_drop,baseline,structural_causal,0.08649999999999998,6.057561237808451,large,structural_causal
historical_bias_feedback,overall,success_rate,baseline,workflow,0.04577777777777777,8.656393053778292,large,baseline
historical_bias_feedback,overall,near_optimal_rate,baseline,workflow,0.04324999999999999,5.780436744767618,large,baseline
historical_bias_feedback,overall,avg_cost,baseline,workflow,-0.06582083333333331,-7.354149456547565,large,baseline
historical_bias_feedback,overall,fairness_gap_ses,baseline,workflow,0.033838148437079066,6.482331276872851,large,workflow
historical_bias_feedback,normal,success_rate,baseline,workflow,0.05600000000000002,5.0549572295512695,large,baseline
historical_bias_feedback,normal,near_optimal_rate,baseline,workflow,0.05749999999999997,5.2953442549772065,large,baseline
historical_bias_feedback,normal,avg_cost,baseline,workflow,-0.08066250000000001,-5.2855252548825975,large,baseline
historical_bias_feedback,normal,fairness_gap_ses,baseline,workflow,0.02827764827566923,2.8613869672774825,large,workflow
historical_bias_feedback,surface_shift,success_rate,baseline,workflow,0.06016666666666668,3.246687411261743,large,baseline
historical_bias_feedback,surface_shift,near_optimal_rate,baseline,workflow,0.059583333333333315,4.13958606231045,large,baseline
historical_bias_feedback,surface_shift,avg_cost,baseline,workflow,-0.07939583333333333,-3.9578205915990115,large,baseline
historical_bias_feedback,surface_shift,fairness_gap_ses,baseline,workflow,0.030790635705649095,2.7695403459940953,large,workflow
historical_bias_feedback,adversarial,success_rate,baseline,workflow,0.021166666666666622,2.665467554362153,large,baseline
historical_bias_feedback,adversarial,near_optimal_rate,baseline,workflow,0.012666666666666668,1.0397044946678242,large,baseline
historical_bias_feedback,adversarial,avg_cost,baseline,workflow,-0.03740416666666669,-3.330243562252847,large,baseline
historical_bias_feedback,adversarial,fairness_gap_ses,baseline,workflow,0.038263693339953955,3.56745167833391,large,workflow
historical_bias_feedback,degradation,success_rate_drop,baseline,workflow,0.034833333333333404,2.1756673440236485,large,workflow
historical_bias_feedback,degradation,fairness_gap_increase,baseline,workflow,0.009986045064284722,0.6007454745454286,medium,workflow
historical_bias_feedback,degradation,near_optimal_rate_drop,baseline,workflow,0.0448333333333333,2.5375716049396053,large,workflow
historical_bias_feedback,overall,success_rate,causal_light,stability_filtered,-0.0003333333333333244,-0.007335475605027151,negligible,stability_filtered
historical_bias_feedback,overall,near_optimal_rate,causal_light,stability_filtered,-0.0001388888888888921,-0.03718787523495033,negligible,stability_filtered
historical_bias_feedback,overall,avg_cost,causal_light,stability_filtered,0.04347777777777776,0.48018493905806564,small,stability_filtered
historical_bias_feedback,overall,fairness_gap_ses,causal_light,stability_filtered,0.022756709200546718,4.110865428463614,large,stability_filtered
historical_bias_feedback,normal,success_rate,causal_light,stability_filtered,0.007833333333333312,0.1601897796482443,negligible,causal_light
historical_bias_feedback,normal,near_optimal_rate,causal_light,stability_filtered,0.0014166666666666679,0.28441270232134547,small,causal_light
historical_bias_feedback,normal,avg_cost,causal_light,stability_filtered,0.030670833333333314,0.32520360987277674,small,stability_filtered
historical_bias_feedback,normal,fairness_gap_ses,causal_light,stability_filtered,0.012108342278093757,1.2547369634349859,large,stability_filtered
historical_bias_feedback,surface_shift,success_rate,causal_light,stability_filtered,-0.0010833333333333344,-0.024410683362426955,negligible,stability_filtered
historical_bias_feedback,surface_shift,near_optimal_rate,causal_light,stability_filtered,0.0010833333333333344,0.2406507273740717,small,causal_light
historical_bias_feedback,surface_shift,avg_cost,causal_light,stability_filtered,0.04106249999999994,0.44296044895241254,small,stability_filtered
historical_bias_feedback,surface_shift,fairness_gap_ses,causal_light,stability_filtered,0.016716872177954117,1.2728979011050912,large,stability_filtered
historical_bias_feedback,adversarial,success_rate,causal_light,stability_filtered,-0.007749999999999979,-0.17116791659427022,negligible,stability_filtered
historical_bias_feedback,adversarial,near_optimal_rate,causal_light,stability_filtered,-0.0029166666666666694,-0.669262662662494,medium,stability_filtered
historical_bias_feedback,adversarial,avg_cost,causal_light,stability_filtered,0.058699999999999954,0.6860094749265286,medium,stability_filtered
historical_bias_feedback,adversarial,fairness_gap_ses,causal_light,stability_filtered,0.025258973282358533,3.484830580130877,large,stability_filtered
historical_bias_feedback,degradation,success_rate_drop,causal_light,stability_filtered,0.015583333333333291,0.9138085974521205,large,stability_filtered
historical_bias_feedback,degradation,fairness_gap_increase,causal_light,stability_filtered,0.013150631004264779,1.0993324492118635,large,stability_filtered
historical_bias_feedback,degradation,near_optimal_rate_drop,causal_light,stability_filtered,0.0043333333333333375,1.1556333786054844,large,stability_filtered
historical_bias_feedback,overall,success_rate,causal_light,structural_causal,-0.009111111111111098,-0.3325280598686764,small,structural_causal
historical_bias_feedback,overall,near_optimal_rate,causal_light,structural_causal,0.004138888888888896,0.9285566075892837,large,causal_light
historical_bias_feedback,overall,avg_cost,causal_light,structural_causal,0.11481805555555553,1.8337825025210674,large,structural_causal
historical_bias_feedback,overall,fairness_gap_ses,causal_light,structural_causal,0.02604669678942972,4.060904549426616,large,structural_causal
historical_bias_feedback,normal,success_rate,causal_light,structural_causal,-0.0019166666666666592,-0.06926465582668158,negligible,structural_causal
historical_bias_feedback,normal,near_optimal_rate,causal_light,structural_causal,0.004750000000000004,0.8209535296808531,large,causal_light
historical_bias_feedback,normal,avg_cost,causal_light,structural_causal,0.10871249999999998,1.8017239550470499,large,structural_causal
historical_bias_feedback,normal,fairness_gap_ses,causal_light,structural_causal,0.020775903552483436,2.065141871815401,large,structural_causal
historical_bias_feedback,surface_shift,success_rate,causal_light,structural_causal,-0.007333333333333293,-0.2467143582638791,small,structural_causal
historical_bias_feedback,surface_shift,near_optimal_rate,causal_light,structural_causal,0.005083333333333338,1.0281016872018804,large,causal_light
historical_bias_feedback,surface_shift,avg_cost,causal_light,structural_causal,0.1135208333333333,1.7166821221501911,large,structural_causal
historical_bias_feedback,surface_shift,fairness_gap_ses,causal_light,structural_causal,0.020754425549913,1.6593898887621163,large,structural_causal
historical_bias_feedback,adversarial,success_rate,causal_light,structural_causal,-0.018083333333333295,-0.6106334162426178,medium,structural_causal
historical_bias_feedback,adversarial,near_optimal_rate,causal_light,structural_causal,0.0025833333333333355,0.5324720139691258,medium,causal_light
historical_bias_feedback,adversarial,avg_cost,causal_light,structural_causal,0.12222083333333332,1.8979927104880983,large,structural_causal
historical_bias_feedback,adversarial,fairness_gap_ses,causal_light,structural_causal,0.027678694264455492,3.141044696849788,large,structural_causal
historical_bias_feedback,degradation,success_rate_drop,causal_light,structural_causal,0.016166666666666635,0.9426162860488304,large,structural_causal
historical_bias_feedback,degradation,fairness_gap_increase,causal_light,structural_causal,0.006902790711972061,0.46778310211397695,small,structural_causal
historical_bias_feedback,degradation,near_optimal_rate_drop,causal_light,structural_causal,0.0021666666666666687,0.46225335144219376,small,structural_causal
historical_bias_feedback,overall,success_rate,causal_light,workflow,0.12152777777777779,37.30001565366433,large,causal_light
historical_bias_feedback,overall,near_optimal_rate,causal_light,workflow,0.1236388888888889,22.20650147256631,large,causal_light
historical_bias_feedback,overall,avg_cost,causal_light,workflow,-0.16965694444444443,-34.67728542490647,large,causal_light
historical_bias_feedback,overall,fairness_gap_ses,causal_light,workflow,-0.006741693932771517,-1.2052676527828003,large,causal_light
historical_bias_feedback,normal,success_rate,causal_light,workflow,0.11641666666666667,21.897246189660674,large,causal_light
historical_bias_feedback,normal,near_optimal_rate,causal_light,workflow,0.11016666666666665,10.54033816429342,large,causal_light
historical_bias_feedback,normal,avg_cost,causal_light,workflow,-0.1590208333333333,-23.870992546805496,large,causal_light
historical_bias_feedback,normal,fairness_gap_ses,causal_light,workflow,-0.005080692275796894,-0.7854861991352978,medium,causal_light
historical_bias_feedback,surface_shift,success_rate,causal_light,workflow,0.11600000000000003,13.103903883337987,large,causal_light
historical_bias_feedback,surface_shift,near_optimal_rate,causal_light,workflow,0.11108333333333331,12.858659889962707,large,causal_light
historical_bias_feedback,surface_shift,avg_cost,causal_light,workflow,-0.1600541666666667,-21.169457202666983,large,causal_light
historical_bias_feedback,surface_shift,fairness_gap_ses,causal_light,workflow,0.003257150869994785,0.32837881538039754,small,workflow
historical_bias_feedback,adversarial,success_rate,causal_light,workflow,0.13216666666666663,21.71029268330251,large,causal_light
historical_bias_feedback,adversarial,near_optimal_rate,causal_light,workflow,0.14966666666666667,11.193246046708126,large,causal_light
historical_bias_feedback,adversarial,avg_cost,causal_light,workflow,-0.18989583333333335,-23.59203032261835,large,causal_light
historical_bias_feedback,adversarial,fairness_gap_ses,causal_light,workflow,-0.014294851592469968,-1.327351402271778,large,causal_light
historical_bias_feedback,degradation,success_rate_drop,causal_light,workflow,-0.015749999999999986,-1.7626570464400144,large,causal_light
historical_bias_feedback,degradation,fairness_gap_increase,causal_light,workflow,-0.009214159316673071,-0.6716684414049472,medium,causal_light
historical_bias_feedback,degradation,near_optimal_rate_drop,causal_light,workflow,-0.03950000000000003,-2.0131064061786224,large,causal_light
historical_bias_feedback,overall,success_rate,stability_filtered,structural_causal,-0.008777777777777773,-0.1704527009331402,negligible,structural_causal
historical_bias_feedback,overall,near_optimal_rate,stability_filtered,structural_causal,0.0042777777777777875,1.6137461538599018,large,stability_filtered
historical_bias_feedback,overall,avg_cost,stability_filtered,structural_causal,0.07134027777777778,0.6885478599546974,medium,structural_causal
historical_bias_feedback,overall,fairness_gap_ses,stability_filtered,structural_causal,0.003289987588883004,0.5797617537420127,medium,structural_causal
historical_bias_feedback,normal,success_rate,stability_filtered,structural_causal,-0.009749999999999972,-0.1886571263015592,negligible,structural_causal
historical_bias_feedback,normal,near_optimal_rate,stability_filtered,structural_causal,0.003333333333333336,0.998186761880863,large,stability_filtered
historical_bias_feedback,normal,avg_cost,stability_filtered,structural_causal,0.07804166666666666,0.7568150274038628,medium,structural_causal
historical_bias_feedback,normal,fairness_gap_ses,stability_filtered,structural_causal,0.008667561274389673,1.0247818666884483,large,structural_causal
historical_bias_feedback,surface_shift,success_rate,stability_filtered,structural_causal,-0.00624999999999996,-0.12012316711299931,negligible,structural_causal
historical_bias_feedback,surface_shift,near_optimal_rate,stability_filtered,structural_causal,0.0040000000000000036,0.8944271909999159,large,stability_filtered
historical_bias_feedback,surface_shift,avg_cost,stability_filtered,structural_causal,0.07245833333333335,0.6722815530013693,medium,structural_causal
historical_bias_feedback,surface_shift,fairness_gap_ses,stability_filtered,structural_causal,0.00403755337195888,0.4276449977174012,small,structural_causal
historical_bias_feedback,adversarial,success_rate,stability_filtered,structural_causal,-0.010333333333333314,-0.19077998617867153,negligible,structural_causal
historical_bias_feedback,adversarial,near_optimal_rate,stability_filtered,structural_causal,0.005500000000000005,1.2931011378712105,large,stability_filtered
historical_bias_feedback,adversarial,avg_cost,stability_filtered,structural_causal,0.06352083333333332,0.6244069704852502,medium,structural_causal
historical_bias_feedback,adversarial,fairness_gap_ses,stability_filtered,structural_causal,0.0024197209820969578,0.2709141129881329,small,structural_causal
historical_bias_feedback,degradation,success_rate_drop,stability_filtered,structural_causal,0.0005833333333333431,0.03151409711671925,negligible,structural_causal
historical_bias_feedback,degradation,fairness_gap_increase,stability_filtered,structural_causal,-0.006247840292292715,-0.5640646731129894,medium,stability_filtered
historical_bias_feedback,degradation,near_optimal_rate_drop,stability_filtered,structural_causal,-0.0021666666666666687,-0.4096832625173433,small,stability_filtered
historical_bias_feedback,overall,success_rate,stability_filtered,workflow,0.12186111111111113,2.678565694277917,large,stability_filtered
historical_bias_feedback,overall,near_optimal_rate,stability_filtered,workflow,0.1237777777777778,18.934588638697484,large,stability_filtered
historical_bias_feedback,overall,avg_cost,stability_filtered,workflow,-0.21313472222222218,-2.339843792800094,large,stability_filtered
historical_bias_feedback,overall,fairness_gap_ses,stability_filtered,workflow,-0.029498403133318227,-4.13918125297753,large,stability_filtered
historical_bias_feedback,normal,success_rate,stability_filtered,workflow,0.10858333333333337,2.3149606015590654,large,stability_filtered
historical_bias_feedback,normal,near_optimal_rate,stability_filtered,workflow,0.10874999999999997,11.119010516594514,large,stability_filtered
historical_bias_feedback,normal,avg_cost,stability_filtered,workflow,-0.18969166666666662,-2.0485351228910935,large,stability_filtered
historical_bias_feedback,normal,fairness_gap_ses,stability_filtered,workflow,-0.017189034553890654,-1.3290925399280313,large,stability_filtered
historical_bias_feedback,surface_shift,success_rate,stability_filtered,workflow,0.11708333333333333,2.402411182689705,large,stability_filtered
historical_bias_feedback,surface_shift,near_optimal_rate,stability_filtered,workflow,0.10999999999999999,11.142730713841818,large,stability_filtered
historical_bias_feedback,surface_shift,avg_cost,stability_filtered,workflow,-0.20111666666666664,-2.1692416725263457,large,stability_filtered
historical_bias_feedback,surface_shift,fairness_gap_ses,stability_filtered,workflow,-0.013459721307959338,-0.9032568072555468,large,stability_filtered
historical_bias_feedback,adversarial,success_rate,stability_filtered,workflow,0.13991666666666666,3.260300898493372,large,stability_filtered
historical_bias_feedback,adversarial,near_optimal_rate,stability_filtered,workflow,0.15258333333333332,11.650030988828318,large,stability_filtered
historical_bias_feedback,adversarial,avg_cost,stability_filtered,workflow,-0.24859583333333332,-2.806612672993368,large,stability_filtered
historical_bias_feedback,adversarial,fairness_gap_ses,stability_filtered,workflow,-0.0395538248748285,-3.277087315678715,large,stability_filtered
historical_bias_feedback,degradation,success_rate_drop,stability_filtered,workflow,-0.031333333333333276,-1.8644709137631896,large,stability_filtered
historical_bias_feedback,degradation,fairness_gap_increase,stability_filtered,workflow,-0.02236479032093785,-1.2421484002138758,large,stability_filtered
historical_bias_feedback,degradation,near_optimal_rate_drop,stability_filtered,workflow,-0.04383333333333336,-2.352891158005466,large,stability_filtered
historical_bias_feedback,overall,success_rate,structural_causal,workflow,0.13063888888888886,4.670825224080795,large,structural_causal
historical_bias_feedback,overall,near_optimal_rate,structural_causal,workflow,0.1195,16.27254728346833,large,structural_causal
historical_bias_feedback,overall,avg_cost,structural_causal,workflow,-0.284475,-4.349786500442781,large,structural_causal
historical_bias_feedback,overall,fairness_gap_ses,structural_causal,workflow,-0.03278839072220124,-4.30461799346458,large,structural_causal
historical_bias_feedback,normal,success_rate,structural_causal,workflow,0.11833333333333333,4.118552192589225,large,structural_causal
historical_bias_feedback,normal,near_optimal_rate,structural_causal,workflow,0.10541666666666664,9.768889199492593,large,structural_causal
historical_bias_feedback,normal,avg_cost,structural_causal,workflow,-0.2677333333333333,-4.300011915931329,large,structural_causal
historical_bias_feedback,normal,fairness_gap_ses,structural_causal,workflow,-0.02585659582828033,-2.354232989378464,large,structural_causal
historical_bias_feedback,surface_shift,success_rate,structural_causal,workflow,0.1233333333333333,3.7237726171993986,large,structural_causal
historical_bias_feedback,surface_shift,near_optimal_rate,structural_causal,workflow,0.10599999999999998,10.269242322779165,large,structural_causal
historical_bias_feedback,surface_shift,avg_cost,structural_causal,workflow,-0.273575,-3.9120224681748983,large,structural_causal
historical_bias_feedback,surface_shift,fairness_gap_ses,structural_causal,workflow,-0.017497274679918216,-1.520011327368117,large,structural_causal
historical_bias_feedback,adversarial,success_rate,structural_causal,workflow,0.15024999999999997,5.358542819858424,large,structural_causal
historical_bias_feedback,adversarial,near_optimal_rate,structural_causal,workflow,0.14708333333333334,10.227678316159674,large,structural_causal
historical_bias_feedback,adversarial,avg_cost,structural_causal,workflow,-0.31211666666666665,-4.6583255612338945,large,structural_causal
historical_bias_feedback,adversarial,fairness_gap_ses,structural_causal,workflow,-0.041973545856925455,-3.6687042266253145,large,structural_causal
historical_bias_feedback,degradation,success_rate_drop,structural_causal,workflow,-0.03191666666666662,-1.9888268329338648,large,structural_causal
historical_bias_feedback,degradation,fairness_gap_increase,structural_causal,workflow,-0.016116950028645136,-0.8901791841591868,large,structural_causal
historical_bias_feedback,degradation,near_optimal_rate_drop,structural_causal,workflow,-0.04166666666666669,-2.032099098339239,large,structural_causal
