scenario,agent,slice,metric,mean,std,ci_lower,ci_upper,n
treatment_allocation_confounding,baseline,overall,success_rate,0.6441666666666667,0.011838560518556095,0.6366448041715765,0.6516885291617568,12
treatment_allocation_confounding,baseline,overall,near_optimal_rate,0.9325555555555556,0.004008408670200685,0.9300087341920869,0.9351023769190243,12
treatment_allocation_confounding,baseline,overall,avg_cost,0.4325097222222221,0.009102814689389215,0.42672606969921895,0.4382933747452253,12
treatment_allocation_confounding,baseline,overall,fairness_gap_ses,0.06571667773088827,0.008212691797282068,0.060498582311526855,0.07093477315024968,12
treatment_allocation_confounding,baseline,overall,fairness_gap_ses_max_min,0.16271314070369033,0.021496678515955648,0.14905480279641425,0.17637147861096641,12
treatment_allocation_confounding,baseline,overall,under_treatment_disparity,0.08727026514190211,0.014695974176446944,0.07793288862443074,0.0966076416593735,12
treatment_allocation_confounding,baseline,overall,bias_perpetuation_rate,-0.04284556091562133,0.008999459832195085,-0.04856354489532519,-0.037127576935917464,12
treatment_allocation_confounding,baseline,overall,group_fairness_gap,0.06716408841091535,0.0226504548510508,0.052772675994363256,0.08155550082746746,12
treatment_allocation_confounding,baseline,overall,action_alignment_diagnostic,0.6196941686378289,0.010870314364787043,0.6127875003987157,0.6266008368769421,12
treatment_allocation_confounding,baseline,overall,clip_rate,0.0,0.0,0.0,0.0,12
treatment_allocation_confounding,baseline,normal,success_rate,0.6503333333333333,0.0224917493290048,0.6360427575947009,0.6646239090719658,12
treatment_allocation_confounding,baseline,normal,near_optimal_rate,0.9474166666666665,0.004521832559590164,0.9445436313271295,0.9502897020062034,12
treatment_allocation_confounding,baseline,normal,avg_cost,0.4185583333333333,0.017279754750644603,0.4075793009603095,0.42953736570635714,12
treatment_allocation_confounding,baseline,normal,fairness_gap_ses,0.07637281643608342,0.012480884272265872,0.06844284089843526,0.08430279197373157,12
treatment_allocation_confounding,baseline,normal,fairness_gap_ses_max_min,0.19530763457146225,0.03251624257432742,0.17464779969392616,0.21596746944899833,12
treatment_allocation_confounding,baseline,normal,under_treatment_disparity,0.12516764597266963,0.023584620672683597,0.11018269291011408,0.1401525990352252,12
treatment_allocation_confounding,baseline,normal,bias_perpetuation_rate,-0.03762859105520746,0.015490011239369854,-0.04747047465307512,-0.0277867074573398,12
treatment_allocation_confounding,baseline,normal,group_fairness_gap,0.045093802345532896,0.022288458876027012,0.030932391198445704,0.059255213492620085,12
treatment_allocation_confounding,baseline,normal,action_alignment_diagnostic,0.5807733817878369,0.010652332235252882,0.5740052127862089,0.5875415507894649,12
treatment_allocation_confounding,baseline,normal,clip_rate,0.0,0.0,0.0,0.0,12
treatment_allocation_confounding,baseline,surface_shift,success_rate,0.67625,0.014900427083568,0.6667827203028578,0.6857172796971422,12
treatment_allocation_confounding,baseline,surface_shift,near_optimal_rate,0.9688333333333333,0.0066855792342152215,0.9645855189456826,0.9730811477209841,12
treatment_allocation_confounding,baseline,surface_shift,avg_cost,0.3836583333333332,0.012868598732314758,0.3754820157804312,0.3918346508862352,12
treatment_allocation_confounding,baseline,surface_shift,fairness_gap_ses,0.01819440050903006,0.007846272071865175,0.013209117076037637,0.023179683942022484,12
treatment_allocation_confounding,baseline,surface_shift,fairness_gap_ses_max_min,0.047168317469433174,0.021339987472416888,0.03360953630149742,0.06072709863736893,12
treatment_allocation_confounding,baseline,surface_shift,under_treatment_disparity,0.012631951054612718,0.010688031267509081,0.005841099970022185,0.01942280213920325,12
treatment_allocation_confounding,baseline,surface_shift,bias_perpetuation_rate,-0.04433419408502164,0.013020077304717437,-0.05260675653110806,-0.03606163163893523,12
treatment_allocation_confounding,baseline,surface_shift,group_fairness_gap,0.048062127695813694,0.03231573196123791,0.027529691183822272,0.06859456420780512,12
treatment_allocation_confounding,baseline,surface_shift,action_alignment_diagnostic,0.8848637455731273,0.03607730316639549,0.8619413207406524,0.9077861704056022,12
treatment_allocation_confounding,baseline,surface_shift,clip_rate,0.0,0.0,0.0,0.0,12
treatment_allocation_confounding,baseline,adversarial,success_rate,0.6059166666666665,0.019532994619051107,0.593505993982978,0.6183273393503551,12
treatment_allocation_confounding,baseline,adversarial,near_optimal_rate,0.8814166666666668,0.009652680582317151,0.8752836460232016,0.8875496873101321,12
treatment_allocation_confounding,baseline,adversarial,avg_cost,0.4953124999999999,0.01690216668466985,0.48457337563839326,0.5060516243616066,12
treatment_allocation_confounding,baseline,adversarial,fairness_gap_ses,0.10854271358594247,0.016590734531840425,0.098001463773903,0.11908396339798195,12
treatment_allocation_confounding,baseline,adversarial,fairness_gap_ses_max_min,0.27155840138219306,0.04305008507593292,0.24420568228804812,0.298911120476338,12
treatment_allocation_confounding,baseline,adversarial,under_treatment_disparity,0.13105910010308067,0.021000773793871913,0.11771584502401947,0.14440235518214187,12
treatment_allocation_confounding,baseline,adversarial,bias_perpetuation_rate,-0.046481343594973974,0.01208045733089635,-0.054156899992086414,-0.038805787197861534,12
treatment_allocation_confounding,baseline,adversarial,group_fairness_gap,0.11196254510728705,0.041563687620171576,0.08555423789985453,0.13837085231471957,12
treatment_allocation_confounding,baseline,adversarial,action_alignment_diagnostic,0.5310434841075224,0.011193470149019709,0.523931492478823,0.5381554757362219,12
treatment_allocation_confounding,baseline,adversarial,clip_rate,0.0,0.0,0.0,0.0,12
treatment_allocation_confounding,baseline,degradation,success_rate_drop,0.044416666666666695,0.028474736277279318,0.026324682381420744,0.06250865095191264,12
treatment_allocation_confounding,baseline,degradation,fairness_gap_increase,0.032169897149859066,0.02092243364722834,0.018876417025276024,0.04546337727444211,12
treatment_allocation_confounding,baseline,degradation,near_optimal_rate_drop,0.06599999999999995,0.012569805089976545,0.058013526870206,0.0739864731297939,12
treatment_allocation_confounding,baseline,degradation,action_alignment_diagnostic_drop,0.049729897680314605,0.013331781099453916,0.04125928809162748,0.05820050726900173,12
treatment_allocation_confounding,workflow,overall,success_rate,0.5816666666666667,0.010470738447519543,0.5750138768531715,0.5883194564801618,12
treatment_allocation_confounding,workflow,overall,near_optimal_rate,0.8769722222222222,0.004684938974912399,0.8739955540105807,0.8799488904338636,12
treatment_allocation_confounding,workflow,overall,avg_cost,0.5379777777777778,0.006422877094289624,0.533896876366632,0.5420586791889236,12
treatment_allocation_confounding,workflow,overall,fairness_gap_ses,0.030707268327268483,0.007800977703031822,0.02575076356323943,0.035663773091297535,12
treatment_allocation_confounding,workflow,overall,fairness_gap_ses_max_min,0.07549793554161256,0.016786748181877253,0.06483214459803714,0.08616372648518798,12
treatment_allocation_confounding,workflow,overall,under_treatment_disparity,0.004865515579692997,0.0027574425852990208,0.0031135201464462846,0.006617511012939709,12
treatment_allocation_confounding,workflow,overall,bias_perpetuation_rate,-0.004322798060657919,0.002397776066552906,-0.005846272290346515,-0.002799323830969323,12
treatment_allocation_confounding,workflow,overall,group_fairness_gap,0.03788834777593744,0.0169717269269218,0.027105026944960718,0.048671668606914166,12
treatment_allocation_confounding,workflow,overall,action_alignment_diagnostic,0.8092183382401367,0.015270513718055679,0.7995159167137557,0.8189207597665177,12
treatment_allocation_confounding,workflow,overall,clip_rate,0.0,0.0,0.0,0.0,12
treatment_allocation_confounding,workflow,normal,success_rate,0.5863333333333333,0.017411246800603197,0.5752707548976411,0.5973959117690254,12
treatment_allocation_confounding,workflow,normal,near_optimal_rate,0.8853333333333332,0.0076435752383451116,0.8804768373240768,0.8901898293425896,12
treatment_allocation_confounding,workflow,normal,avg_cost,0.5310749999999999,0.010094136461782702,0.5246614916724295,0.5374885083275702,12
treatment_allocation_confounding,workflow,normal,fairness_gap_ses,0.03909311696198698,0.01105016906785599,0.03207217449642033,0.04611405942755363,12
treatment_allocation_confounding,workflow,normal,fairness_gap_ses_max_min,0.1031255386062944,0.030582475289586904,0.08369436084382928,0.12255671636875953,12
treatment_allocation_confounding,workflow,normal,under_treatment_disparity,0.009123138938612113,0.0064834445550741035,0.005003754798845406,0.01324252307837882,12
treatment_allocation_confounding,workflow,normal,bias_perpetuation_rate,-0.004006444292227904,0.005444664278547701,-0.007465818932495401,-0.000547069651960407,12
treatment_allocation_confounding,workflow,normal,group_fairness_gap,0.028736121670586524,0.024891797505281688,0.012920628072620545,0.0445516152685525,12
treatment_allocation_confounding,workflow,normal,action_alignment_diagnostic,0.8058783107848493,0.03717630087510193,0.7822576161218192,0.8294990054478794,12
treatment_allocation_confounding,workflow,normal,clip_rate,0.0,0.0,0.0,0.0,12
treatment_allocation_confounding,workflow,surface_shift,success_rate,0.6024999999999999,0.013304134695650083,0.5940469560982534,0.6109530439017464,12
treatment_allocation_confounding,workflow,surface_shift,near_optimal_rate,0.8971666666666667,0.005936533015357053,0.8933947735408861,0.9009385597924472,12
treatment_allocation_confounding,workflow,surface_shift,avg_cost,0.5014,0.006117783318104107,0.4975129459260349,0.505287054073965,12
treatment_allocation_confounding,workflow,surface_shift,fairness_gap_ses,0.016275822475081157,0.00924805344761966,0.01039988964767321,0.022151755302489105,12
treatment_allocation_confounding,workflow,surface_shift,fairness_gap_ses_max_min,0.04348379806503292,0.025462034120539115,0.027305993407127777,0.059661602722938065,12
treatment_allocation_confounding,workflow,surface_shift,under_treatment_disparity,0.0037867110889981165,0.003511562170645561,0.0015555709306017533,0.006017851247394479,12
treatment_allocation_confounding,workflow,surface_shift,bias_perpetuation_rate,-0.004391534508279243,0.0027603465672634657,-0.006145375043638711,-0.002637693972919775,12
treatment_allocation_confounding,workflow,surface_shift,group_fairness_gap,0.032608284832475416,0.023816196800288427,0.01747619531813092,0.04774037434681991,12
treatment_allocation_confounding,workflow,surface_shift,action_alignment_diagnostic,0.9550190775204263,0.04413143742999551,0.926979299919189,0.9830588551216635,12
treatment_allocation_confounding,workflow,surface_shift,clip_rate,0.0,0.0,0.0,0.0,12
treatment_allocation_confounding,workflow,adversarial,success_rate,0.5561666666666667,0.0117769677632644,0.548683938341248,0.5636493949920854,12
treatment_allocation_confounding,workflow,adversarial,near_optimal_rate,0.8484166666666667,0.010031390126935949,0.8420430254582489,0.8547903078750845,12
treatment_allocation_confounding,workflow,adversarial,avg_cost,0.5814583333333333,0.013125527406430972,0.5731187710890925,0.5897978955775741,12
treatment_allocation_confounding,workflow,adversarial,fairness_gap_ses,0.05436669204382455,0.011588317784818815,0.0470038261962252,0.0617295578914239,12
treatment_allocation_confounding,workflow,adversarial,fairness_gap_ses_max_min,0.13516814495542706,0.025057363017848167,0.1192474560495094,0.15108883386134472,12
treatment_allocation_confounding,workflow,adversarial,under_treatment_disparity,0.00832973911950919,0.005793710640191797,0.004648591001580862,0.012010887237437519,12
treatment_allocation_confounding,workflow,adversarial,bias_perpetuation_rate,-0.004602857385892128,0.003464360362098818,-0.006804006945950825,-0.0024017078258334315,12
treatment_allocation_confounding,workflow,adversarial,group_fairness_gap,0.06593825923734671,0.030884082560180732,0.046315449357668494,0.08556106911702493,12
treatment_allocation_confounding,workflow,adversarial,action_alignment_diagnostic,0.688661430316758,0.031276331186431465,0.668789397550064,0.708533463083452,12
treatment_allocation_confounding,workflow,adversarial,clip_rate,0.0,0.0,0.0,0.0,12
treatment_allocation_confounding,workflow,degradation,success_rate_drop,0.03016666666666663,0.016985733764402135,0.019374446315739566,0.04095888701759369,12
treatment_allocation_confounding,workflow,degradation,fairness_gap_increase,0.015273575081837583,0.013403461720761524,0.006757421799202759,0.023789728364472407,12
treatment_allocation_confounding,workflow,degradation,near_optimal_rate_drop,0.0369166666666667,0.008918401134053061,0.03125018492665656,0.042583148406676846,12
treatment_allocation_confounding,workflow,degradation,action_alignment_diagnostic_drop,0.11721688046809114,0.0531010991156008,0.08347805172623177,0.15095570920995052,12
treatment_allocation_confounding,causal_light,overall,success_rate,0.7066666666666666,0.010111499604036206,0.7002421263248315,0.7130912070085016,12
treatment_allocation_confounding,causal_light,overall,near_optimal_rate,0.9951944444444444,0.0008097678097602557,0.9946799425243487,0.9957089463645401,12
treatment_allocation_confounding,causal_light,overall,avg_cost,0.3613125,0.0060834480063911575,0.3574472615423023,0.3651777384576977,12
treatment_allocation_confounding,causal_light,overall,fairness_gap_ses,0.029540538523128174,0.006222796292181049,0.025586762388658448,0.033494314657597904,12
treatment_allocation_confounding,causal_light,overall,fairness_gap_ses_max_min,0.07922370147473547,0.01789326360068641,0.06785486417548751,0.09059253877398342,12
treatment_allocation_confounding,causal_light,overall,under_treatment_disparity,0.018017525619062332,0.006307339087187223,0.014010033555363687,0.022025017682760977,12
treatment_allocation_confounding,causal_light,overall,bias_perpetuation_rate,-0.011418142774103466,0.006340417535703411,-0.015446651881293141,-0.00738963366691379,12
treatment_allocation_confounding,causal_light,overall,group_fairness_gap,0.039669592485708886,0.0191828181451879,0.02748141131872845,0.05185777365268932,12
treatment_allocation_confounding,causal_light,overall,action_alignment_diagnostic,0.7537824966533669,0.014594316589140446,0.7445097102853571,0.7630552830213768,12
treatment_allocation_confounding,causal_light,overall,clip_rate,0.0,0.0,0.0,0.0,12
treatment_allocation_confounding,causal_light,normal,success_rate,0.7098333333333334,0.01647495804013601,0.6993656443946281,0.7203010222720387,12
treatment_allocation_confounding,causal_light,normal,near_optimal_rate,0.9958333333333332,0.0013371158468430443,0.9949837704558031,0.9966828962108634,12
treatment_allocation_confounding,causal_light,normal,avg_cost,0.35870833333333324,0.009825958970857227,0.35246521685432064,0.36495144981234584,12
treatment_allocation_confounding,causal_light,normal,fairness_gap_ses,0.044166135760856096,0.0092860516626939,0.0382660600194174,0.05006621150229479,12
treatment_allocation_confounding,causal_light,normal,fairness_gap_ses_max_min,0.11665094320039977,0.028494138970133347,0.09854663103226183,0.13475525536853772,12
treatment_allocation_confounding,causal_light,normal,under_treatment_disparity,0.020922333393728842,0.010486466600346057,0.01425955038869008,0.027585116398767606,12
treatment_allocation_confounding,causal_light,normal,bias_perpetuation_rate,-0.008216395691545671,0.007848892577934953,-0.01320334411466029,-0.0032294472684310507,12
treatment_allocation_confounding,causal_light,normal,group_fairness_gap,0.027789235082513176,0.016635796054950074,0.01721935454462499,0.03835911562040136,12
treatment_allocation_confounding,causal_light,normal,action_alignment_diagnostic,0.7153050214747972,0.014289996494622148,0.7062255908700891,0.7243844520795054,12
treatment_allocation_confounding,causal_light,normal,clip_rate,0.0,0.0,0.0,0.0,12
treatment_allocation_confounding,causal_light,surface_shift,success_rate,0.7141666666666665,0.01186157534634291,0.7066301812476415,0.7217031520856915,12
treatment_allocation_confounding,causal_light,surface_shift,near_optimal_rate,0.99825,0.0018153386861559887,0.9970965888265824,0.9994034111734176,12
treatment_allocation_confounding,causal_light,surface_shift,avg_cost,0.3458249999999999,0.005998693039472713,0.3420136122791327,0.3496363877208671,12
treatment_allocation_confounding,causal_light,surface_shift,fairness_gap_ses,0.016862288114299528,0.008922880316318535,0.011192960437653885,0.02253161579094517,12
treatment_allocation_confounding,causal_light,surface_shift,fairness_gap_ses_max_min,0.044016680235907095,0.02399825372695599,0.02876891726898991,0.05926444320282428,12
treatment_allocation_confounding,causal_light,surface_shift,under_treatment_disparity,0.009290188764828964,0.007809611171265371,0.004328198556787805,0.014252178972870122,12
treatment_allocation_confounding,causal_light,surface_shift,bias_perpetuation_rate,-0.009354519370884771,0.007852004568249799,-0.014343445058312702,-0.00436559368345684,12
treatment_allocation_confounding,causal_light,surface_shift,group_fairness_gap,0.036895087369645224,0.02629768641452188,0.020186334574997217,0.05360384016429323,12
treatment_allocation_confounding,causal_light,surface_shift,action_alignment_diagnostic,0.9529986111439044,0.02755188687992692,0.9354929773917052,0.9705042448961035,12
treatment_allocation_confounding,causal_light,surface_shift,clip_rate,0.0,0.0,0.0,0.0,12
treatment_allocation_confounding,causal_light,adversarial,success_rate,0.6960000000000001,0.010470738447519508,0.6893472101865049,0.7026527898134952,12
treatment_allocation_confounding,causal_light,adversarial,near_optimal_rate,0.9915000000000003,0.0021950357213908448,0.9901053408400261,0.9928946591599744,12
treatment_allocation_confounding,causal_light,adversarial,avg_cost,0.3794041666666666,0.011088045535074198,0.37235915864196645,0.38644917469136675,12
treatment_allocation_confounding,causal_light,adversarial,fairness_gap_ses,0.050582978451983375,0.01163520145199714,0.04319032414342813,0.05797563276053862,12
treatment_allocation_confounding,causal_light,adversarial,fairness_gap_ses_max_min,0.13378077427831891,0.035492074188094504,0.11123018619880248,0.15633136235783535,12
treatment_allocation_confounding,causal_light,adversarial,under_treatment_disparity,0.039143582638883685,0.008389069669214023,0.033813422066181265,0.044473743211586106,12
treatment_allocation_confounding,causal_light,adversarial,bias_perpetuation_rate,-0.016579481147162418,0.007733944022079441,-0.021493394742284302,-0.011665567552040535,12
treatment_allocation_confounding,causal_light,adversarial,group_fairness_gap,0.07002958353959134,0.029620341054597463,0.05120971670517914,0.08884945037400353,12
treatment_allocation_confounding,causal_light,adversarial,action_alignment_diagnostic,0.6406812976132383,0.008130715277664652,0.6355152875895145,0.6458473076369622,12
treatment_allocation_confounding,causal_light,adversarial,clip_rate,0.0,0.0,0.0,0.0,12
treatment_allocation_confounding,causal_light,degradation,success_rate_drop,0.013833333333333336,0.012261049438499661,0.006043034185279049,0.021623632481387624,12
treatment_allocation_confounding,causal_light,degradation,fairness_gap_increase,0.006416842691127276,0.01145099744612745,-0.0008587739758139498,0.013692459358068503,12
treatment_allocation_confounding,causal_light,degradation,near_optimal_rate_drop,0.0043333333333333375,0.002806917861068951,0.002549902809590212,0.006116763857076463,12
treatment_allocation_confounding,causal_light,degradation,action_alignment_diagnostic_drop,0.07462372386155885,0.01673789959631035,0.0639889698285215,0.08525847789459622,12
treatment_allocation_confounding,stability_filtered,overall,success_rate,0.6809999999999999,0.04183372570140753,0.6544201187813259,0.707579881218674,12
treatment_allocation_confounding,stability_filtered,overall,near_optimal_rate,0.9951111111111111,0.003520024487212035,0.9928745942532837,0.9973476279689384,12
treatment_allocation_confounding,stability_filtered,overall,avg_cost,0.3573333333333333,0.08644003789630791,0.3024119534825243,0.41225471318414225,12
treatment_allocation_confounding,stability_filtered,overall,fairness_gap_ses,0.009468123617313754,0.004847777979830772,0.006387992438032477,0.012548254796595031,12
treatment_allocation_confounding,stability_filtered,overall,fairness_gap_ses_max_min,0.023851124174223443,0.012029759833353968,0.016207779430272823,0.03149446891817406,12
treatment_allocation_confounding,stability_filtered,overall,under_treatment_disparity,0.01048276690312369,0.00941385011807899,0.004501491897045952,0.016464041909201428,12
treatment_allocation_confounding,stability_filtered,overall,bias_perpetuation_rate,0.00010075277604391283,0.0045421320614848605,-0.0027851802516648022,0.0029866858037526276,12
treatment_allocation_confounding,stability_filtered,overall,group_fairness_gap,0.013616039763066254,0.009673231932997762,0.007469961414344974,0.019762118111787533,12
treatment_allocation_confounding,stability_filtered,overall,action_alignment_diagnostic,0.920140554485063,0.033292387795230256,0.8989875804612008,0.9412935285089253,12
treatment_allocation_confounding,stability_filtered,overall,clip_rate,0.0,0.0,0.0,0.0,12
treatment_allocation_confounding,stability_filtered,normal,success_rate,0.6785000000000001,0.03815161142789978,0.654259622575991,0.7027403774240092,12
treatment_allocation_confounding,stability_filtered,normal,near_optimal_rate,0.9951666666666666,0.00462863288933595,0.9922257736350125,0.9981075596983208,12
treatment_allocation_confounding,stability_filtered,normal,avg_cost,0.361475,0.08335936032951223,0.3085109892915648,0.4144390107084352,12
treatment_allocation_confounding,stability_filtered,normal,fairness_gap_ses,0.021093769598970316,0.011704482986402706,0.013657095903562198,0.028530443294378434,12
treatment_allocation_confounding,stability_filtered,normal,fairness_gap_ses_max_min,0.05570604540857483,0.03152761730389934,0.035674353059995334,0.07573773775715432,12
treatment_allocation_confounding,stability_filtered,normal,under_treatment_disparity,0.008888021162092889,0.006708609353944281,0.004625574134470735,0.013150468189715043,12
treatment_allocation_confounding,stability_filtered,normal,bias_perpetuation_rate,-0.004192837387712215,0.01099044594122556,-0.011175833588985428,0.0027901588135609973,12
treatment_allocation_confounding,stability_filtered,normal,group_fairness_gap,0.01689473408060721,0.014404047894094019,0.007742838673877268,0.02604662948733715,12
treatment_allocation_confounding,stability_filtered,normal,action_alignment_diagnostic,0.9173989914124564,0.05046250181846677,0.885336647410262,0.9494613354146508,12
treatment_allocation_confounding,stability_filtered,normal,clip_rate,0.0,0.0,0.0,0.0,12
treatment_allocation_confounding,stability_filtered,surface_shift,success_rate,0.6831666666666666,0.04682041771654236,0.6534183925015346,0.7129149408317986,12
treatment_allocation_confounding,stability_filtered,surface_shift,near_optimal_rate,0.9974166666666666,0.0017298624923456336,0.9963175644757843,0.9985157688575489,12
treatment_allocation_confounding,stability_filtered,surface_shift,avg_cost,0.35131249999999997,0.09157470404240761,0.2931287089254093,0.4094962910745906,12
treatment_allocation_confounding,stability_filtered,surface_shift,fairness_gap_ses,0.01710513497191832,0.008633110889161143,0.01161991800560292,0.02259035193823372,12
treatment_allocation_confounding,stability_filtered,surface_shift,fairness_gap_ses_max_min,0.045618855534493026,0.023604195138205986,0.030621465449898896,0.060616245619087156,12
treatment_allocation_confounding,stability_filtered,surface_shift,under_treatment_disparity,0.013282217072826894,0.01568479971977412,0.003316570779069654,0.023247863366584135,12
treatment_allocation_confounding,stability_filtered,surface_shift,bias_perpetuation_rate,0.0071262499607397806,0.01881454350867839,-0.004827940665590726,0.019080440587070285,12
treatment_allocation_confounding,stability_filtered,surface_shift,group_fairness_gap,0.027092008454081728,0.015518767963798214,0.017231853705205438,0.03695216320295802,12
treatment_allocation_confounding,stability_filtered,surface_shift,action_alignment_diagnostic,0.951009225455628,0.0364236331971459,0.9278667530198029,0.9741516978914532,12
treatment_allocation_confounding,stability_filtered,surface_shift,clip_rate,0.0,0.0,0.0,0.0,12
treatment_allocation_confounding,stability_filtered,adversarial,success_rate,0.6813333333333333,0.04395107472743947,0.6534081527260248,0.7092585139406419,12
treatment_allocation_confounding,stability_filtered,adversarial,near_optimal_rate,0.9927499999999999,0.005495866215124374,0.9892580932012991,0.9962419067987007,12
treatment_allocation_confounding,stability_filtered,adversarial,avg_cost,0.3592125,0.08539200815543678,0.3049570064779589,0.41346799352204106,12
treatment_allocation_confounding,stability_filtered,adversarial,fairness_gap_ses,0.013753279935111365,0.007014231807833276,0.009296649664521305,0.018209910205701424,12
treatment_allocation_confounding,stability_filtered,adversarial,fairness_gap_ses_max_min,0.03687187824609564,0.019017252480530017,0.02478889248370116,0.048954864008490126,12
treatment_allocation_confounding,stability_filtered,adversarial,under_treatment_disparity,0.021669586345157556,0.019652412958502983,0.009183038868470205,0.03415613382184491,12
treatment_allocation_confounding,stability_filtered,adversarial,bias_perpetuation_rate,-0.0024647718113049773,0.009822287016175036,-0.00870555524161927,0.003776011619009316,12
treatment_allocation_confounding,stability_filtered,adversarial,group_fairness_gap,0.02714411866050334,0.016052674097305628,0.016944736138517876,0.0373435011824888,12
treatment_allocation_confounding,stability_filtered,adversarial,action_alignment_diagnostic,0.882366778172268,0.04169072920610598,0.8558777525921027,0.9088558037524334,12
treatment_allocation_confounding,stability_filtered,adversarial,clip_rate,0.0,0.0,0.0,0.0,12
treatment_allocation_confounding,stability_filtered,degradation,success_rate_drop,-0.0028333333333333357,0.019097040862316086,-0.014967014214915648,0.009300347548248978,12
treatment_allocation_confounding,stability_filtered,degradation,fairness_gap_increase,-0.00734048966385895,0.015114758431617253,-0.016943949002595837,0.0022629696748779375,12
treatment_allocation_confounding,stability_filtered,degradation,near_optimal_rate_drop,0.002416666666666669,0.004166060561977063,-0.00023032192998675592,0.005063655263320093,12
treatment_allocation_confounding,stability_filtered,degradation,action_alignment_diagnostic_drop,0.03503221324018826,0.07139353666406079,-0.010329075827305509,0.08039350230768202,12
treatment_allocation_confounding,structural_causal,overall,success_rate,0.7071666666666666,0.038739351746478315,0.6825528568602122,0.731780476473121,12
treatment_allocation_confounding,structural_causal,overall,near_optimal_rate,0.9945277777777778,0.0030300126123460965,0.9926025996116712,0.9964529559438844,12
treatment_allocation_confounding,structural_causal,overall,avg_cost,0.2769111111111111,0.08534378141924592,0.22268625939536446,0.33113596282685775,12
treatment_allocation_confounding,structural_causal,overall,fairness_gap_ses,0.008826340589847057,0.003971345192447141,0.0063030682366498406,0.011349612943044273,12
treatment_allocation_confounding,structural_causal,overall,fairness_gap_ses_max_min,0.023331409006855097,0.010544651402016348,0.01663165714257183,0.030031160871138364,12
treatment_allocation_confounding,structural_causal,overall,under_treatment_disparity,0.01019821101901168,0.0066585634563822394,0.005967561637675577,0.014428860400347783,12
treatment_allocation_confounding,structural_causal,overall,bias_perpetuation_rate,-0.010725598559315657,0.013193156923197814,-0.01910813054847882,-0.002343066570152494,12
treatment_allocation_confounding,structural_causal,overall,group_fairness_gap,0.011504797625374466,0.006372936778144274,0.007455626777282992,0.015553968473465941,12
treatment_allocation_confounding,structural_causal,overall,action_alignment_diagnostic,0.9779708417720356,0.01545154269539148,0.9681533999209275,0.9877882836231437,12
treatment_allocation_confounding,structural_causal,overall,clip_rate,0.0,0.0,0.0,0.0,12
treatment_allocation_confounding,structural_causal,normal,success_rate,0.703,0.039409274404521945,0.6779605416437703,0.7280394583562296,12
treatment_allocation_confounding,structural_causal,normal,near_optimal_rate,0.9942500000000001,0.004474676219876395,0.9914069263692826,0.9970930736307175,12
treatment_allocation_confounding,structural_causal,normal,avg_cost,0.2642,0.08716951614787445,0.20881513178058053,0.31958486821941945,12
treatment_allocation_confounding,structural_causal,normal,fairness_gap_ses,0.018206603800395637,0.010593013143845476,0.011476124351327754,0.024937083249463518,12
treatment_allocation_confounding,structural_causal,normal,fairness_gap_ses_max_min,0.04930109516143857,0.027927058042154024,0.0315570890252006,0.06704510129767653,12
treatment_allocation_confounding,structural_causal,normal,under_treatment_disparity,0.018470479969657328,0.017209795385578073,0.0075358976565414754,0.029405062282773183,12
treatment_allocation_confounding,structural_causal,normal,bias_perpetuation_rate,-0.011014308114071067,0.024658467490910524,-0.02668155089376177,0.0046529346656196385,12
treatment_allocation_confounding,structural_causal,normal,group_fairness_gap,0.008945304539600138,0.007588022611799467,0.004124104985302323,0.013766504093897954,12
treatment_allocation_confounding,structural_causal,normal,action_alignment_diagnostic,0.9641778374692538,0.031075448335745742,0.9444334395765895,0.983922235361918,12
treatment_allocation_confounding,structural_causal,normal,clip_rate,0.0,0.0,0.0,0.0,12
treatment_allocation_confounding,structural_causal,surface_shift,success_rate,0.7045833333333333,0.04110177685460885,0.6784685102245899,0.7306981564420768,12
treatment_allocation_confounding,structural_causal,surface_shift,near_optimal_rate,0.9950833333333332,0.003146667308679958,0.9930840363092915,0.9970826303573749,12
treatment_allocation_confounding,structural_causal,surface_shift,avg_cost,0.27990833333333337,0.08870915406626034,0.22354522585111053,0.3362714408155562,12
treatment_allocation_confounding,structural_causal,surface_shift,fairness_gap_ses,0.012886349081679826,0.00840976761328461,0.007543037662724941,0.018229660500634712,12
treatment_allocation_confounding,structural_causal,surface_shift,fairness_gap_ses_max_min,0.034703159709166265,0.023049898302031028,0.020057953032059594,0.049348366386272935,12
treatment_allocation_confounding,structural_causal,surface_shift,under_treatment_disparity,0.02348314704389137,0.024985899988638725,0.0076078635804980276,0.039358430507284714,12
treatment_allocation_confounding,structural_causal,surface_shift,bias_perpetuation_rate,-0.009596084791429337,0.017716736203175525,-0.02085276193331595,0.0016605923504572767,12
treatment_allocation_confounding,structural_causal,surface_shift,group_fairness_gap,0.016740508337916366,0.014027454483848721,0.007827888968503813,0.02565312770732892,12
treatment_allocation_confounding,structural_causal,surface_shift,action_alignment_diagnostic,0.9511023710336519,0.0469077251697894,0.9212986243592489,0.9809061177080549,12
treatment_allocation_confounding,structural_causal,surface_shift,clip_rate,0.0,0.0,0.0,0.0,12
treatment_allocation_confounding,structural_causal,adversarial,success_rate,0.7139166666666666,0.041397097687757,0.6876142056525044,0.7402191276808289,12
treatment_allocation_confounding,structural_causal,adversarial,near_optimal_rate,0.99425,0.002895921897490271,0.9924100190094649,0.996089980990535,12
treatment_allocation_confounding,structural_causal,adversarial,avg_cost,0.28662499999999996,0.08562673090486723,0.23222037075804444,0.34102962924195546,12
treatment_allocation_confounding,structural_causal,adversarial,fairness_gap_ses,0.01421730465675002,0.008501048649592235,0.008815996034297372,0.019618613279202668,12
treatment_allocation_confounding,structural_causal,adversarial,fairness_gap_ses_max_min,0.03859973533115856,0.02242615365570159,0.024350837094962816,0.05284863356735431,12
treatment_allocation_confounding,structural_causal,adversarial,under_treatment_disparity,0.013845021771275742,0.00847688918662454,0.008459063339254893,0.01923098020329659,12
treatment_allocation_confounding,structural_causal,adversarial,bias_perpetuation_rate,-0.012360905032099218,0.016635330063588815,-0.0229304894932019,-0.0017913205709965338,12
treatment_allocation_confounding,structural_causal,adversarial,group_fairness_gap,0.029093111645653535,0.02391372027819184,0.013899058669646398,0.04428716462166067,12
treatment_allocation_confounding,structural_causal,adversarial,action_alignment_diagnostic,0.9571296284099781,0.032794052211017964,0.9362932817104411,0.977965975109515,12
treatment_allocation_confounding,structural_causal,adversarial,clip_rate,0.0,0.0,0.0,0.0,12
treatment_allocation_confounding,structural_causal,degradation,success_rate_drop,-0.010916666666666686,0.02068138527685458,-0.024056991963534394,0.002223658630201023,12
treatment_allocation_confounding,structural_causal,degradation,fairness_gap_increase,-0.003989299143645619,0.013045782171756582,-0.012278193683065507,0.004299595395774268,12
treatment_allocation_confounding,structural_causal,degradation,near_optimal_rate_drop,0.0,0.0041995670772549485,-0.0026682776207889902,0.0026682776207889902,12
treatment_allocation_confounding,structural_causal,degradation,action_alignment_diagnostic_drop,0.007048209059275594,0.025298701001431327,-0.009025818685811704,0.023122236804362893,12
missing_data_bias,baseline,overall,success_rate,0.5955833333333334,0.01297715553026031,0.5873380420816633,0.6038286245850034,12
missing_data_bias,baseline,overall,near_optimal_rate,0.9499166666666667,0.005850192088705071,0.9461996319484567,0.9536337013848768,12
missing_data_bias,baseline,overall,avg_cost,0.5123333333333334,0.007544112695581667,0.5075400328087735,0.5171266338578934,12
missing_data_bias,baseline,overall,fairness_gap_ses,0.018172878607046427,0.006143535330124185,0.014269462485256096,0.022076294728836758,12
missing_data_bias,baseline,overall,fairness_gap_ses_max_min,0.04745168945249945,0.018314388819485546,0.0358152819546571,0.059088096950341805,12
missing_data_bias,baseline,overall,under_treatment_disparity,0.004096025890890029,0.0029415996621800955,0.0022270226332861257,0.005965029148493933,12
missing_data_bias,baseline,overall,bias_perpetuation_rate,-0.007378429313222647,0.0022792148937897643,-0.008826573367643469,-0.005930285258801825,12
missing_data_bias,baseline,overall,group_fairness_gap,0.08720981208918598,0.014344874308351605,0.07809551378512727,0.09632411039324468,12
missing_data_bias,baseline,overall,action_alignment_diagnostic,0.8311407295790781,0.018663708884079536,0.8192823747010173,0.842999084457139,12
missing_data_bias,baseline,overall,clip_rate,0.0,0.0,0.0,0.0,12
missing_data_bias,baseline,normal,success_rate,0.615,0.021645910804247888,0.6012468444203724,0.6287531555796276,12
missing_data_bias,baseline,normal,near_optimal_rate,0.9665833333333333,0.006126816366423826,0.9626905399342818,0.9704761267323849,12
missing_data_bias,baseline,normal,avg_cost,0.48451666666666665,0.013537529204758786,0.47591533096864364,0.49311800236468967,12
missing_data_bias,baseline,normal,fairness_gap_ses,0.021084560048577023,0.007642665982536815,0.016228641752899266,0.02594047834425478,12
missing_data_bias,baseline,normal,fairness_gap_ses_max_min,0.054437734853664516,0.017823268685792207,0.04311337020160745,0.06576209950572158,12
missing_data_bias,baseline,normal,under_treatment_disparity,0.0027884654791322516,0.0017371938409442265,0.0016847051715831634,0.00389222578668134,12
missing_data_bias,baseline,normal,bias_perpetuation_rate,-0.00836255880245737,0.003764503898029288,-0.010754410467093769,-0.005970707137820971,12
missing_data_bias,baseline,normal,group_fairness_gap,0.09594585748680427,0.03430669851937295,0.07414842117528983,0.11774329379831872,12
missing_data_bias,baseline,normal,action_alignment_diagnostic,0.8264694368137842,0.023363491142313102,0.8116249827517992,0.8413138908757691,12
missing_data_bias,baseline,normal,clip_rate,0.0,0.0,0.0,0.0,12
missing_data_bias,baseline,surface_shift,success_rate,0.6039166666666665,0.018153178200741558,0.5923826875092495,0.6154506458240836,12
missing_data_bias,baseline,surface_shift,near_optimal_rate,0.9571666666666667,0.007589865651384135,0.9523442961008842,0.9619890372324492,12
missing_data_bias,baseline,surface_shift,avg_cost,0.5026583333333333,0.009352511411218354,0.49671603108225476,0.5086006355844119,12
missing_data_bias,baseline,surface_shift,fairness_gap_ses,0.02530672075913273,0.015484730579117692,0.01546819233271837,0.03514524918554709,12
missing_data_bias,baseline,surface_shift,fairness_gap_ses_max_min,0.06414198562270783,0.037657304328970714,0.040215675945589426,0.08806829529982624,12
missing_data_bias,baseline,surface_shift,under_treatment_disparity,0.0028693619980486216,0.0018451402813451114,0.0016970157944138384,0.004041708201683405,12
missing_data_bias,baseline,surface_shift,bias_perpetuation_rate,-0.006555478042029209,0.002869620537951006,-0.008378747945977523,-0.004732208138080896,12
missing_data_bias,baseline,surface_shift,group_fairness_gap,0.08961953882742081,0.03001501345765402,0.07054890911168153,0.10869016854316009,12
missing_data_bias,baseline,surface_shift,action_alignment_diagnostic,0.8529138815961241,0.03240057020780392,0.8323275414339386,0.8735002217583097,12
missing_data_bias,baseline,surface_shift,clip_rate,0.0,0.0,0.0,0.0,12
missing_data_bias,baseline,adversarial,success_rate,0.5678333333333333,0.015473339730783442,0.5580020423066635,0.5776646243600031,12
missing_data_bias,baseline,adversarial,near_optimal_rate,0.9260000000000002,0.008842048302391124,0.9203820305347696,0.9316179694652307,12
missing_data_bias,baseline,adversarial,avg_cost,0.5498249999999999,0.008488909877545622,0.5444314039853471,0.5552185960146527,12
missing_data_bias,baseline,adversarial,fairness_gap_ses,0.02088413566266431,0.009696075601573793,0.014723543139382449,0.027044728185946172,12
missing_data_bias,baseline,adversarial,fairness_gap_ses_max_min,0.056762056587720384,0.025656825139737625,0.04046048762085276,0.07306362555458801,12
missing_data_bias,baseline,adversarial,under_treatment_disparity,0.009534495794435036,0.00783174149901278,0.004558444646972537,0.014510546941897535,12
missing_data_bias,baseline,adversarial,bias_perpetuation_rate,-0.007185446409996726,0.0038387743542103525,-0.009624487271154607,-0.0047464055488388454,12
missing_data_bias,baseline,adversarial,group_fairness_gap,0.07578948918770749,0.03525932663232961,0.05338678184992378,0.0981921965254912,12
missing_data_bias,baseline,adversarial,action_alignment_diagnostic,0.8172774642090125,0.03107857956352355,0.797531076829134,0.8370238515888909,12
missing_data_bias,baseline,adversarial,clip_rate,0.0,0.0,0.0,0.0,12
missing_data_bias,baseline,degradation,success_rate_drop,0.04716666666666667,0.029881077421652455,0.02818113584824367,0.06615219748508967,12
missing_data_bias,baseline,degradation,fairness_gap_increase,-0.0002004243859127132,0.012323920847455315,-0.008030670121417033,0.007629821349591607,12
missing_data_bias,baseline,degradation,near_optimal_rate_drop,0.04058333333333328,0.009356167954236307,0.034638707825660676,0.04652795884100588,12
missing_data_bias,baseline,degradation,action_alignment_diagnostic_drop,0.009191972604771476,0.0334722673671667,-0.012075291446468836,0.030459236656011787,12
missing_data_bias,workflow,overall,success_rate,0.6311111111111111,0.009870201387047568,0.6248398843419569,0.6373823378802652,12
missing_data_bias,workflow,overall,near_optimal_rate,0.9755277777777778,0.003447904746080896,0.9733370836173232,0.9777184719382324,12
missing_data_bias,workflow,overall,avg_cost,0.46299166666666663,0.004960966324083132,0.45983961904448856,0.4661437142888447,12
missing_data_bias,workflow,overall,fairness_gap_ses,0.018218300144678883,0.006820777974911548,0.01388458457542473,0.022552015713933036,12
missing_data_bias,workflow,overall,fairness_gap_ses_max_min,0.04753250745986499,0.017562320433393074,0.03637394141734358,0.05869107350238639,12
missing_data_bias,workflow,overall,under_treatment_disparity,0.002125228633697976,0.001664961244680741,0.0010673627282517175,0.0031830945391442345,12
missing_data_bias,workflow,overall,bias_perpetuation_rate,-0.00344658694749495,0.001623914777023048,-0.004478373171619615,-0.002414800723370284,12
missing_data_bias,workflow,overall,group_fairness_gap,0.06516070616358034,0.016688391938553964,0.054557407795572006,0.07576400453158869,12
missing_data_bias,workflow,overall,action_alignment_diagnostic,0.865319783509949,0.01846800550602162,0.8535857726260139,0.8770537943938841,12
missing_data_bias,workflow,overall,clip_rate,0.0,0.0,0.0,0.0,12
missing_data_bias,workflow,normal,success_rate,0.6466666666666667,0.014543560482741214,0.6374261291901097,0.6559072041432238,12
missing_data_bias,workflow,normal,near_optimal_rate,0.9843333333333332,0.0045593726309525115,0.9814364461703924,0.987230220496274,12
missing_data_bias,workflow,normal,avg_cost,0.44236249999999994,0.009768225971811022,0.43615606531853984,0.44856893468146003,12
missing_data_bias,workflow,normal,fairness_gap_ses,0.022022171704444888,0.006697472607359187,0.01776680062801836,0.026277542780871417,12
missing_data_bias,workflow,normal,fairness_gap_ses_max_min,0.05888335291534302,0.01892344738039281,0.046859968070092496,0.07090673776059353,12
missing_data_bias,workflow,normal,under_treatment_disparity,0.002393378870199975,0.002452798254122481,0.0008349452103991884,0.003951812530000761,12
missing_data_bias,workflow,normal,bias_perpetuation_rate,-0.0036250764655471703,0.0018785043248704936,-0.004818621171084678,-0.0024315317600096626,12
missing_data_bias,workflow,normal,group_fairness_gap,0.05100820060025283,0.027810190251654966,0.033338448715522974,0.06867795248498268,12
missing_data_bias,workflow,normal,action_alignment_diagnostic,0.8564666960626585,0.026955800763448907,0.8393397973599065,0.8735935947654104,12
missing_data_bias,workflow,normal,clip_rate,0.0,0.0,0.0,0.0,12
missing_data_bias,workflow,surface_shift,success_rate,0.6369166666666667,0.01485969737446246,0.6274752653920638,0.6463580679412696,12
missing_data_bias,workflow,surface_shift,near_optimal_rate,0.9796666666666664,0.006184045944397915,0.9757375113285515,0.9835958220047812,12
missing_data_bias,workflow,surface_shift,avg_cost,0.45685,0.007860863935864939,0.4518554453389405,0.46184455466105945,12
missing_data_bias,workflow,surface_shift,fairness_gap_ses,0.025198109637362357,0.013787103652691512,0.01643820190039122,0.033958017374333495,12
missing_data_bias,workflow,surface_shift,fairness_gap_ses_max_min,0.06384144422570383,0.03167521052035467,0.04371597562133335,0.0839669128300743,12
missing_data_bias,workflow,surface_shift,under_treatment_disparity,0.003818458686445871,0.0036790927824313945,0.0014808746556212518,0.00615604271727049,12
missing_data_bias,workflow,surface_shift,bias_perpetuation_rate,-0.0016875349390310223,0.002442348008119404,-0.0032393288292963318,-0.0001357410487657128,12
missing_data_bias,workflow,surface_shift,group_fairness_gap,0.050827513393901756,0.02199933575066484,0.03684980231657526,0.06480522447122825,12
missing_data_bias,workflow,surface_shift,action_alignment_diagnostic,0.86892741559005,0.03517121263590874,0.8465806932146215,0.8912741379654786,12
missing_data_bias,workflow,surface_shift,clip_rate,0.0,0.0,0.0,0.0,12
missing_data_bias,workflow,adversarial,success_rate,0.6097499999999999,0.014753273904767418,0.6003762169720616,0.6191237830279382,12
missing_data_bias,workflow,adversarial,near_optimal_rate,0.9625833333333332,0.008005206639015225,0.957497067694105,0.9676695989725614,12
missing_data_bias,workflow,adversarial,avg_cost,0.48976250000000005,0.0046510079552716365,0.48680739052969846,0.49271760947030163,12
missing_data_bias,workflow,adversarial,fairness_gap_ses,0.022021686639026383,0.01028925017285731,0.015484208973857116,0.02855916430419565,12
missing_data_bias,workflow,adversarial,fairness_gap_ses_max_min,0.05681955718894046,0.025312041086025264,0.04073705355847578,0.07290206081940515,12
missing_data_bias,workflow,adversarial,under_treatment_disparity,0.0045458564134678815,0.003966591319636476,0.0020256045269519745,0.0070661082999837884,12
missing_data_bias,workflow,adversarial,bias_perpetuation_rate,-0.005040040995175784,0.003956968179394679,-0.007554178630085145,-0.002525903360266423,12
missing_data_bias,workflow,adversarial,group_fairness_gap,0.0972204070851404,0.02625288591179413,0.08054011917190267,0.11390069499837814,12
missing_data_bias,workflow,adversarial,action_alignment_diagnostic,0.8710415830579693,0.02942000508631091,0.8523490036250879,0.8897341624908507,12
missing_data_bias,workflow,adversarial,clip_rate,0.0,0.0,0.0,0.0,12
missing_data_bias,workflow,degradation,success_rate_drop,0.0369166666666667,0.02270545922873791,0.022490306135861865,0.05134302719747154,12
missing_data_bias,workflow,degradation,fairness_gap_increase,-4.850654185009224e-07,0.014780822157047126,-0.009391771417794246,0.009390801286957245,12
missing_data_bias,workflow,degradation,near_optimal_rate_drop,0.02175000000000002,0.011152863472506236,0.014663808622660398,0.028836191377339643,12
missing_data_bias,workflow,degradation,action_alignment_diagnostic_drop,-0.014574886995310907,0.040719872921923805,-0.04044705992175487,0.011297285931133052,12
missing_data_bias,causal_light,overall,success_rate,0.7030833333333333,0.008597773966075013,0.6976205683767902,0.7085460982898764,12
missing_data_bias,causal_light,overall,near_optimal_rate,0.9978333333333333,0.0009265990819042817,0.9972446003643853,0.9984220663022814,12
missing_data_bias,causal_light,overall,avg_cost,0.35861805555555554,0.0037368183026387767,0.3562437944790059,0.3609923166321052,12
missing_data_bias,causal_light,overall,fairness_gap_ses,0.008173068099359162,0.004268375560400406,0.00546107165414852,0.010885064544569804,12
missing_data_bias,causal_light,overall,fairness_gap_ses_max_min,0.020939440732590724,0.010590386854875703,0.0142106299479244,0.027668251517257048,12
missing_data_bias,causal_light,overall,under_treatment_disparity,0.013787748757002713,0.0058042713618940535,0.010099890676628462,0.017475606837376964,12
missing_data_bias,causal_light,overall,bias_perpetuation_rate,-0.011032630925463291,0.003949871190225038,-0.013542259348582966,-0.008523002502343616,12
missing_data_bias,causal_light,overall,group_fairness_gap,0.04871790451074049,0.01879528349460787,0.036775951113527904,0.06065985790795308,12
missing_data_bias,causal_light,overall,action_alignment_diagnostic,0.9582786983856181,0.0166460143497355,0.9477023254529671,0.9688550713182691,12
missing_data_bias,causal_light,overall,clip_rate,0.0,0.0,0.0,0.0,12
missing_data_bias,causal_light,normal,success_rate,0.7009166666666666,0.0137408371673856,0.6921861552519981,0.7096471780813352,12
missing_data_bias,causal_light,normal,near_optimal_rate,0.9990833333333335,0.0007929614610987598,0.998579509657732,0.9995871570089351,12
missing_data_bias,causal_light,normal,avg_cost,0.3631624999999999,0.008490238378707205,0.3577680598959794,0.3685569401040204,12
missing_data_bias,causal_light,normal,fairness_gap_ses,0.015338338866074294,0.007897850750940542,0.010320283903884956,0.02035639382826363,12
missing_data_bias,causal_light,normal,fairness_gap_ses_max_min,0.040225359606745746,0.02163370037741908,0.02647996216219451,0.05397075705129698,12
missing_data_bias,causal_light,normal,under_treatment_disparity,0.006337063682544642,0.003295806450966905,0.0042430081682997625,0.008431119196789521,12
missing_data_bias,causal_light,normal,bias_perpetuation_rate,-0.00860458577776682,0.005723780411907179,-0.012241302348415166,-0.004967869207118473,12
missing_data_bias,causal_light,normal,group_fairness_gap,0.0443007676617145,0.02630902523102267,0.027584810526771714,0.06101672479665729,12
missing_data_bias,causal_light,normal,action_alignment_diagnostic,0.9732112925199298,0.019882411617015587,0.9605786108674974,0.9858439741723621,12
missing_data_bias,causal_light,normal,clip_rate,0.0,0.0,0.0,0.0,12
missing_data_bias,causal_light,surface_shift,success_rate,0.7034166666666666,0.013839721051664238,0.6946233274293622,0.712210005903971,12
missing_data_bias,causal_light,surface_shift,near_optimal_rate,0.9985833333333334,0.0010836246694508327,0.9978948310659234,0.9992718356007434,12
missing_data_bias,causal_light,surface_shift,avg_cost,0.36164166666666664,0.006177960583371917,0.3577163777824841,0.36556695555084917,12
missing_data_bias,causal_light,surface_shift,fairness_gap_ses,0.017627668474903543,0.008546172142663185,0.01219768975276725,0.023057647197039836,12
missing_data_bias,causal_light,surface_shift,fairness_gap_ses_max_min,0.043805220160969126,0.019807111014329998,0.031220382228920693,0.05639005809301756,12
missing_data_bias,causal_light,surface_shift,under_treatment_disparity,0.006274400268270093,0.004827120140177686,0.003207394454110072,0.009341406082430115,12
missing_data_bias,causal_light,surface_shift,bias_perpetuation_rate,-0.005758561204298196,0.005360989992799761,-0.00916477173979262,-0.002352350668803773,12
missing_data_bias,causal_light,surface_shift,group_fairness_gap,0.03497203363342625,0.026994007581933075,0.01782085947636023,0.05212320779049227,12
missing_data_bias,causal_light,surface_shift,action_alignment_diagnostic,0.9827229755955073,0.011678542440801583,0.9753027837364469,0.9901431674545677,12
missing_data_bias,causal_light,surface_shift,clip_rate,0.0,0.0,0.0,0.0,12
missing_data_bias,causal_light,adversarial,success_rate,0.7049166666666666,0.01537683223869497,0.6951466935750699,0.7146866397582634,12
missing_data_bias,causal_light,adversarial,near_optimal_rate,0.9958333333333332,0.0022896340848319523,0.9943785692407577,0.9972880974259087,12
missing_data_bias,causal_light,adversarial,avg_cost,0.3510499999999999,0.005811196090307052,0.3473577421570991,0.35474225784290075,12
missing_data_bias,causal_light,adversarial,fairness_gap_ses,0.015154837040244439,0.007172294408063179,0.010597778584768035,0.019711895495720843,12
missing_data_bias,causal_light,adversarial,fairness_gap_ses_max_min,0.03767161608961842,0.01657468766997324,0.027140561967186096,0.04820267021205075,12
missing_data_bias,causal_light,adversarial,under_treatment_disparity,0.0382717499064835,0.01311070495412564,0.029941605399129313,0.04660189441383769,12
missing_data_bias,causal_light,adversarial,bias_perpetuation_rate,-0.018921186471851193,0.009649731348544048,-0.02505233326157609,-0.012790039682126296,12
missing_data_bias,causal_light,adversarial,group_fairness_gap,0.07048244584109695,0.029026088179994185,0.05204014926981528,0.0889247424123786,12
missing_data_bias,causal_light,adversarial,action_alignment_diagnostic,0.8869461474843309,0.03809899023160952,0.8627392039733556,0.9111530909953062,12
missing_data_bias,causal_light,adversarial,clip_rate,0.0,0.0,0.0,0.0,12
missing_data_bias,causal_light,degradation,success_rate_drop,-0.0040000000000000036,0.02074082491565407,-0.017178091441586642,0.009178091441586635,12
missing_data_bias,causal_light,degradation,fairness_gap_increase,-0.0001835018258298576,0.00799042704574362,-0.005260376959502223,0.004893373307842508,12
missing_data_bias,causal_light,degradation,near_optimal_rate_drop,0.003250000000000003,0.0021794494717703385,0.0018652438705738226,0.004634756129426184,12
missing_data_bias,causal_light,degradation,action_alignment_diagnostic_drop,0.08626514503559891,0.04157703626524378,0.059848356503720605,0.11268193356747722,12
missing_data_bias,stability_filtered,overall,success_rate,0.71625,0.042804966435159734,0.6890530218600015,0.7434469781399986,12
missing_data_bias,stability_filtered,overall,near_optimal_rate,0.9952777777777779,0.0014483242377462042,0.9943575564596914,0.9961979990958645,12
missing_data_bias,stability_filtered,overall,avg_cost,0.27853888888888895,0.08468676548999995,0.22473148517867692,0.332346292599101,12
missing_data_bias,stability_filtered,overall,fairness_gap_ses,0.007705008785349241,0.004171039357902536,0.005054856812685377,0.010355160758013104,12
missing_data_bias,stability_filtered,overall,fairness_gap_ses_max_min,0.02013978083530753,0.01110394642322962,0.013084669868271809,0.027194891802343253,12
missing_data_bias,stability_filtered,overall,under_treatment_disparity,0.012549303082634689,0.00897058456507559,0.006849665572372052,0.018248940592897327,12
missing_data_bias,stability_filtered,overall,bias_perpetuation_rate,-0.002389991181665553,0.005829690552976536,-0.006093999845530015,0.0013140174821989086,12
missing_data_bias,stability_filtered,overall,group_fairness_gap,0.01346366233705005,0.010286217845048557,0.0069281113210525064,0.019999213353047593,12
missing_data_bias,stability_filtered,overall,action_alignment_diagnostic,0.9638755150402667,0.024770646123825096,0.9481369973576561,0.9796140327228773,12
missing_data_bias,stability_filtered,overall,clip_rate,0.0,0.0,0.0,0.0,12
missing_data_bias,stability_filtered,normal,success_rate,0.7148333333333333,0.04315476026272574,0.6874141067984848,0.7422525598681818,12
missing_data_bias,stability_filtered,normal,near_optimal_rate,0.9971666666666666,0.0013371158468430443,0.9963171037891365,0.9980162295441968,12
missing_data_bias,stability_filtered,normal,avg_cost,0.27889166666666665,0.08240393810462891,0.2265347022785219,0.3312486310548114,12
missing_data_bias,stability_filtered,normal,fairness_gap_ses,0.015878558010538137,0.005989016197649587,0.012073318661634407,0.019683797359441868,12
missing_data_bias,stability_filtered,normal,fairness_gap_ses_max_min,0.04267768540759905,0.016844441310202362,0.03197523799911872,0.05338013281607938,12
missing_data_bias,stability_filtered,normal,under_treatment_disparity,0.02373345893904683,0.01639688828382422,0.013315373156999138,0.03415154472109452,12
missing_data_bias,stability_filtered,normal,bias_perpetuation_rate,-0.0008860463100758862,0.02509651352618464,-0.016831610262234033,0.01505951764208226,12
missing_data_bias,stability_filtered,normal,group_fairness_gap,0.024930224747404982,0.014175732312579153,0.01592339414031428,0.033937055354495684,12
missing_data_bias,stability_filtered,normal,action_alignment_diagnostic,0.9532755264645002,0.03285236495585852,0.9324021296145067,0.9741489233144937,12
missing_data_bias,stability_filtered,normal,clip_rate,0.0,0.0,0.0,0.0,12
missing_data_bias,stability_filtered,surface_shift,success_rate,0.7169166666666668,0.03978226725412702,0.691640219960208,0.7421931133731255,12
missing_data_bias,stability_filtered,surface_shift,near_optimal_rate,0.9968333333333331,0.002405801069888946,0.9953047602597841,0.9983619064068822,12
missing_data_bias,stability_filtered,surface_shift,avg_cost,0.27335000000000004,0.08717637555292979,0.21796077352253532,0.3287392264774648,12
missing_data_bias,stability_filtered,surface_shift,fairness_gap_ses,0.015168553589094913,0.004956186426093149,0.012019542969208182,0.018317564208981646,12
missing_data_bias,stability_filtered,surface_shift,fairness_gap_ses_max_min,0.03999357403246535,0.013551153190676908,0.031383582066769354,0.04860356599816134,12
missing_data_bias,stability_filtered,surface_shift,under_treatment_disparity,0.021401158240720183,0.01652305669042029,0.010902908877622857,0.03189940760381751,12
missing_data_bias,stability_filtered,surface_shift,bias_perpetuation_rate,-0.0009814424799335585,0.01481617232973451,-0.010395189260476681,0.008432304300609563,12
missing_data_bias,stability_filtered,surface_shift,group_fairness_gap,0.021597119255177533,0.021607338577999492,0.00786847129888093,0.03532576721147414,12
missing_data_bias,stability_filtered,surface_shift,action_alignment_diagnostic,0.9651738129823167,0.01930165712308028,0.9529101251311104,0.9774375008335231,12
missing_data_bias,stability_filtered,surface_shift,clip_rate,0.0,0.0,0.0,0.0,12
missing_data_bias,stability_filtered,adversarial,success_rate,0.7170000000000001,0.04890064137895051,0.6859300147769112,0.748069985223089,12
missing_data_bias,stability_filtered,adversarial,near_optimal_rate,0.9918333333333335,0.00413044865124917,0.9892089714652643,0.9944576952014026,12
missing_data_bias,stability_filtered,adversarial,avg_cost,0.283375,0.08480184255073706,0.22949447981368878,0.3372555201863112,12
missing_data_bias,stability_filtered,adversarial,fairness_gap_ses,0.01518857305367662,0.006201278468840295,0.011248468691894891,0.019128677415458352,12
missing_data_bias,stability_filtered,adversarial,fairness_gap_ses_max_min,0.041010251374273526,0.017566604643937247,0.02984896327423822,0.05217153947430883,12
missing_data_bias,stability_filtered,adversarial,under_treatment_disparity,0.019294265371645074,0.018482972007228503,0.0075507452265177,0.03103778551677245,12
missing_data_bias,stability_filtered,adversarial,bias_perpetuation_rate,-0.005636583063002236,0.015981319856378413,-0.015790629263240243,0.004517463137235769,12
missing_data_bias,stability_filtered,adversarial,group_fairness_gap,0.021041565512185594,0.015046947038849894,0.01148119147686859,0.0306019395475026,12
missing_data_bias,stability_filtered,adversarial,action_alignment_diagnostic,0.9483087576495205,0.04045420094088497,0.922605384646601,0.97401213065244,12
missing_data_bias,stability_filtered,adversarial,clip_rate,0.0,0.0,0.0,0.0,12
missing_data_bias,stability_filtered,degradation,success_rate_drop,-0.0021666666666666687,0.02303686110773277,-0.016803589905708422,0.012470256572375084,12
missing_data_bias,stability_filtered,degradation,fairness_gap_increase,-0.0006899849568615203,0.007525036493615789,-0.005471165040942959,0.004091195127219919,12
missing_data_bias,stability_filtered,degradation,near_optimal_rate_drop,0.005333333333333338,0.00490516116560976,0.002216742617245774,0.008449924049420902,12
missing_data_bias,stability_filtered,degradation,action_alignment_diagnostic_drop,0.004966768814979834,0.04383047056352096,-0.022881783562409334,0.032815321192369004,12
missing_data_bias,structural_causal,overall,success_rate,0.7056388888888888,0.04200179369265881,0.6789522223631635,0.7323255554146141,12
missing_data_bias,structural_causal,overall,near_optimal_rate,0.9954166666666667,0.0024989896948466083,0.9938288843656158,0.9970044489677177,12
missing_data_bias,structural_causal,overall,avg_cost,0.28272499999999995,0.08821076588020148,0.22667855326372136,0.3387714467362785,12
missing_data_bias,structural_causal,overall,fairness_gap_ses,0.007226850780042354,0.003767447315694647,0.00483312895704424,0.009620572603040467,12
missing_data_bias,structural_causal,overall,fairness_gap_ses_max_min,0.018618702577792755,0.010779450053220346,0.011769766767908939,0.025467638387676572,12
missing_data_bias,structural_causal,overall,under_treatment_disparity,0.012947522288023173,0.009674385272206742,0.006800711142529298,0.019094333433517047,12
missing_data_bias,structural_causal,overall,bias_perpetuation_rate,-0.02762599291108124,0.01613290302889564,-0.03787635046424572,-0.01737563535791676,12
missing_data_bias,structural_causal,overall,group_fairness_gap,0.016376765655585823,0.015068595052935278,0.006802637128328112,0.025950894182843534,12
missing_data_bias,structural_causal,overall,action_alignment_diagnostic,0.982403552703751,0.013507823419790755,0.973821091161035,0.990986014246467,12
missing_data_bias,structural_causal,overall,clip_rate,0.0,0.0,0.0,0.0,12
missing_data_bias,structural_causal,normal,success_rate,0.7061666666666665,0.043429845902921586,0.6785726590546183,0.7337606742787147,12
missing_data_bias,structural_causal,normal,near_optimal_rate,0.9957499999999998,0.0032227881773960344,0.9937023380834029,0.9977976619165967,12
missing_data_bias,structural_causal,normal,avg_cost,0.28177083333333336,0.09017261340525366,0.2244778881484769,0.3390637785181898,12
missing_data_bias,structural_causal,normal,fairness_gap_ses,0.018600658476664544,0.009617562021538966,0.012489951102180423,0.024711365851148664,12
missing_data_bias,structural_causal,normal,fairness_gap_ses_max_min,0.047325309620961105,0.023607578009115532,0.032325770162734906,0.062324849079187304,12
missing_data_bias,structural_causal,normal,under_treatment_disparity,0.01685377610737143,0.01742709504470036,0.005781128177782537,0.027926424036960322,12
missing_data_bias,structural_causal,normal,bias_perpetuation_rate,-0.023621873704475976,0.02322043908904163,-0.038375436828102266,-0.008868310580849683,12
missing_data_bias,structural_causal,normal,group_fairness_gap,0.027344674653680217,0.013021996722352294,0.01907089266781129,0.03561845663954914,12
missing_data_bias,structural_causal,normal,action_alignment_diagnostic,0.9663775360018677,0.01898084142547972,0.9543176847201358,0.9784373872835996,12
missing_data_bias,structural_causal,normal,clip_rate,0.0,0.0,0.0,0.0,12
missing_data_bias,structural_causal,surface_shift,success_rate,0.7054166666666667,0.04205939162948537,0.6786934041578292,0.7321399291755042,12
missing_data_bias,structural_causal,surface_shift,near_optimal_rate,0.9960833333333333,0.0028749176536296706,0.9942566978026525,0.9979099688640142,12
missing_data_bias,structural_causal,surface_shift,avg_cost,0.28575,0.08793588573500581,0.2298782037756271,0.3416217962243729,12
missing_data_bias,structural_causal,surface_shift,fairness_gap_ses,0.01276457815968487,0.007212214542116712,0.008182155661116774,0.017347000658252967,12
missing_data_bias,structural_causal,surface_shift,fairness_gap_ses_max_min,0.034010159730468136,0.019434385306976693,0.02166214041455993,0.04635817904637634,12
missing_data_bias,structural_causal,surface_shift,under_treatment_disparity,0.022013695857489662,0.018766751717423567,0.010089870686625584,0.03393752102835374,12
missing_data_bias,structural_causal,surface_shift,bias_perpetuation_rate,-0.020967351181675087,0.02278049189875879,-0.03544138519657048,-0.006493317166779691,12
missing_data_bias,structural_causal,surface_shift,group_fairness_gap,0.028765666943270318,0.017075468109716923,0.017916432109418005,0.03961490177712263,12
missing_data_bias,structural_causal,surface_shift,action_alignment_diagnostic,0.9702693922535718,0.01933821411417695,0.9579824771983627,0.9825563073087809,12
missing_data_bias,structural_causal,surface_shift,clip_rate,0.0,0.0,0.0,0.0,12
missing_data_bias,structural_causal,adversarial,success_rate,0.7053333333333334,0.045393898935936976,0.6764914259598023,0.7341752407068645,12
missing_data_bias,structural_causal,adversarial,near_optimal_rate,0.9944166666666666,0.004294993561924131,0.9916877579501505,0.9971455753831827,12
missing_data_bias,structural_causal,adversarial,avg_cost,0.2806541666666667,0.09036914814031424,0.2232363492686457,0.33807198406468775,12
missing_data_bias,structural_causal,adversarial,fairness_gap_ses,0.016398867694755917,0.007382119383709379,0.011708492810109553,0.02108924257940228,12
missing_data_bias,structural_causal,adversarial,fairness_gap_ses_max_min,0.04258864881754896,0.018823025310331924,0.030629069111553865,0.05454822852354405,12
missing_data_bias,structural_causal,adversarial,under_treatment_disparity,0.025858767960144937,0.021280574005803746,0.012337736307914257,0.039379799612375616,12
missing_data_bias,structural_causal,adversarial,bias_perpetuation_rate,-0.038338539641485786,0.027270726631844835,-0.05566553269477198,-0.021011546588199596,12
missing_data_bias,structural_causal,adversarial,group_fairness_gap,0.02953288008642595,0.019920419321940965,0.01687604949039906,0.04218971068245284,12
missing_data_bias,structural_causal,adversarial,action_alignment_diagnostic,0.9684219544369898,0.02580866072413516,0.9520239137423382,0.9848199951316413,12
missing_data_bias,structural_causal,adversarial,clip_rate,0.0,0.0,0.0,0.0,12
missing_data_bias,structural_causal,degradation,success_rate_drop,0.0008333333333333156,0.02428554876439647,-0.014596968191693349,0.01626363485835998,12
missing_data_bias,structural_causal,degradation,fairness_gap_increase,-0.0022017907819086306,0.012635272492837371,-0.010229859914988447,0.005826278351171187,12
missing_data_bias,structural_causal,degradation,near_optimal_rate_drop,0.0013333333333333346,0.005087119801890646,-0.0018988683845946694,0.004565535051261339,12
missing_data_bias,structural_causal,degradation,action_alignment_diagnostic_drop,-0.002044418435122134,0.03756995967375014,-0.025915231965963254,0.021826395095718983,12
historical_bias_feedback,baseline,overall,success_rate,0.6095277777777778,0.0123635651859706,0.6016723432313067,0.6173832123242489,12
historical_bias_feedback,baseline,overall,near_optimal_rate,0.9127222222222223,0.004771195842166801,0.9096907490118036,0.9157536954326411,12
historical_bias_feedback,baseline,overall,avg_cost,0.4921513888888889,0.007800797868844719,0.48719499838605107,0.4971077793917267,12
historical_bias_feedback,baseline,overall,fairness_gap_ses,0.07418252884064078,0.007110205674005467,0.06966491968470923,0.07870013799657233,12
historical_bias_feedback,baseline,overall,fairness_gap_ses_max_min,0.20309287221157624,0.01906022866167699,0.19098258068640384,0.21520316373674864,12
historical_bias_feedback,baseline,overall,under_treatment_disparity,0.07107872023802489,0.008827574559845243,0.06546994695007026,0.07668749352597952,12
historical_bias_feedback,baseline,overall,bias_perpetuation_rate,-0.03344740497531037,0.007097688766840266,-0.037957061267850055,-0.02893774868277068,12
historical_bias_feedback,baseline,overall,group_fairness_gap,0.09971987578376007,0.020069519742951715,0.08696831129985508,0.11247144026766506,12
historical_bias_feedback,baseline,overall,action_alignment_diagnostic,0.6007499769933451,0.0050411619192162905,0.5975469755209621,0.603952978465728,12
historical_bias_feedback,baseline,overall,clip_rate,0.0,0.0,0.0,0.0,12
historical_bias_feedback,baseline,normal,success_rate,0.6305,0.016844205909667374,0.6197977021578839,0.641202297842116,12
historical_bias_feedback,baseline,normal,near_optimal_rate,0.9423333333333334,0.007290508566040824,0.9377011651852649,0.9469655014814018,12
historical_bias_feedback,baseline,normal,avg_cost,0.45678749999999996,0.013197195380424253,0.44840240209753157,0.46517259790246834,12
historical_bias_feedback,baseline,normal,fairness_gap_ses,0.06606549909574014,0.01019748690780414,0.059586325027595914,0.07254467316388437,12
historical_bias_feedback,baseline,normal,fairness_gap_ses_max_min,0.1744535452605458,0.02119035167704024,0.1609898381411316,0.18791725237996,12
historical_bias_feedback,baseline,normal,under_treatment_disparity,0.06963686547786303,0.017916353535987015,0.058253357533642705,0.08102037342208336,12
historical_bias_feedback,baseline,normal,bias_perpetuation_rate,-0.032898284640777854,0.013631113367952617,-0.041559080879308215,-0.024237488402247494,12
historical_bias_feedback,baseline,normal,group_fairness_gap,0.06586721576588922,0.027680429614267747,0.04827990985676358,0.08345452167501485,12
historical_bias_feedback,baseline,normal,action_alignment_diagnostic,0.6246901242249212,0.009494088812970059,0.618657867984359,0.6307223804654835,12
historical_bias_feedback,baseline,normal,clip_rate,0.0,0.0,0.0,0.0,12
historical_bias_feedback,baseline,surface_shift,success_rate,0.6310833333333333,0.024802706352820524,0.6153244455530503,0.6468422211136163,12
historical_bias_feedback,baseline,surface_shift,near_optimal_rate,0.9439166666666666,0.00917960519386051,0.9380842237848478,0.9497491095484855,12
historical_bias_feedback,baseline,surface_shift,avg_cost,0.46291666666666664,0.01875368246666788,0.4510011453015688,0.47483218803176447,12
historical_bias_feedback,baseline,surface_shift,fairness_gap_ses,0.06509517581195191,0.01451350638513519,0.055873733797993735,0.07431661782591009,12
historical_bias_feedback,baseline,surface_shift,fairness_gap_ses_max_min,0.17922420207662804,0.041871257264268776,0.15262047444059385,0.20582792971266223,12
historical_bias_feedback,baseline,surface_shift,under_treatment_disparity,0.06371325474152902,0.01325223595648365,0.05529318572545938,0.07213332375759865,12
historical_bias_feedback,baseline,surface_shift,bias_perpetuation_rate,-0.023530013301524016,0.008115055105581548,-0.02868607332660792,-0.018373953276440112,12
historical_bias_feedback,baseline,surface_shift,group_fairness_gap,0.07741231246939452,0.0343407459166891,0.055593243473692974,0.09923138146509607,12
historical_bias_feedback,baseline,surface_shift,action_alignment_diagnostic,0.6249491956079739,0.016592839120380964,0.6144066086041715,0.6354917826117763,12
historical_bias_feedback,baseline,surface_shift,clip_rate,0.0,0.0,0.0,0.0,12
historical_bias_feedback,baseline,adversarial,success_rate,0.5669999999999998,0.012090567322579085,0.559318020020633,0.5746819799793667,12
historical_bias_feedback,baseline,adversarial,near_optimal_rate,0.8519166666666668,0.011285214247237881,0.8447463836189683,0.8590869497143653,12
historical_bias_feedback,baseline,adversarial,avg_cost,0.55675,0.010988340928622267,0.5497683412599264,0.5637316587400736,12
historical_bias_feedback,baseline,adversarial,fairness_gap_ses,0.09460834893826041,0.009531754358368508,0.08855216115189526,0.10066453672462555,12
historical_bias_feedback,baseline,adversarial,fairness_gap_ses_max_min,0.26016765194159047,0.030051573417820575,0.24107379313539143,0.2792615107477895,12
historical_bias_feedback,baseline,adversarial,under_treatment_disparity,0.08030117691894013,0.016837408874536,0.0696031977069103,0.09099915613096997,12
historical_bias_feedback,baseline,adversarial,bias_perpetuation_rate,-0.0438002494478302,0.008445018765791075,-0.049165958380531075,-0.03843454051512933,12
historical_bias_feedback,baseline,adversarial,group_fairness_gap,0.1566382855218446,0.02771807921820741,0.1390270581956358,0.17424951284805343,12
historical_bias_feedback,baseline,adversarial,action_alignment_diagnostic,0.5563609167364317,0.009713624370184826,0.5501891742575244,0.562532659215339,12
historical_bias_feedback,baseline,adversarial,clip_rate,0.0,0.0,0.0,0.0,12
historical_bias_feedback,baseline,degradation,success_rate_drop,0.06350000000000001,0.021390312165685058,0.04990924404743758,0.07709075595256246,12
historical_bias_feedback,baseline,degradation,fairness_gap_increase,0.028542849842520274,0.014143411956678703,0.019556554609852377,0.037529145075188175,12
historical_bias_feedback,baseline,degradation,near_optimal_rate_drop,0.09041666666666666,0.01481681068205564,0.08100251429640885,0.09983081903692446,12
historical_bias_feedback,baseline,degradation,action_alignment_diagnostic_drop,0.06832920748848954,0.015107112688890272,0.05873060602291849,0.0779278089540606,12
historical_bias_feedback,workflow,overall,success_rate,0.5637500000000001,0.009522037172747844,0.5576999862188244,0.5698000137811757,12
historical_bias_feedback,workflow,overall,near_optimal_rate,0.8694722222222224,0.005992349218649504,0.8656648651728082,0.8732795792716367,12
historical_bias_feedback,workflow,overall,avg_cost,0.5579722222222222,0.0031854414194954373,0.5559482893035154,0.559996155140929,12
historical_bias_feedback,workflow,overall,fairness_gap_ses,0.04034438040356171,0.006240039209723116,0.036379648641964656,0.044309112165158766,12
historical_bias_feedback,workflow,overall,fairness_gap_ses_max_min,0.10422870735047884,0.016558632052272388,0.09370785448084497,0.11474956022011272,12
historical_bias_feedback,workflow,overall,under_treatment_disparity,0.007591413406066249,0.0033517648279315125,0.005461803635345977,0.009721023176786522,12
historical_bias_feedback,workflow,overall,bias_perpetuation_rate,-0.0037283981179759514,0.0016172706218703183,-0.004755962847318667,-0.002700833388633235,12
historical_bias_feedback,workflow,overall,group_fairness_gap,0.05532411810579805,0.020823634417059603,0.04209341201719558,0.06855482419440052,12
historical_bias_feedback,workflow,overall,action_alignment_diagnostic,0.7409297037893783,0.017105483912989113,0.730061397823986,0.7517980097547705,12
historical_bias_feedback,workflow,overall,clip_rate,0.0,0.0,0.0,0.0,12
historical_bias_feedback,workflow,normal,success_rate,0.5744999999999999,0.016127334221467237,0.56425318069827,0.5847468193017298,12
historical_bias_feedback,workflow,normal,near_optimal_rate,0.8848333333333334,0.010760477628241184,0.8779964520271764,0.8916702146394904,12
historical_bias_feedback,workflow,normal,avg_cost,0.53745,0.005447685079671275,0.5339887060342671,0.5409112939657329,12
historical_bias_feedback,workflow,normal,fairness_gap_ses,0.037787850820070905,0.011648644170784863,0.030386655415482668,0.04518904622465914,12
historical_bias_feedback,workflow,normal,fairness_gap_ses_max_min,0.09805251529353333,0.025739085438885458,0.08169868062611663,0.11440634996095003,12
historical_bias_feedback,workflow,normal,under_treatment_disparity,0.0067027811520719805,0.005469043246988181,0.0032279168542490738,0.010177645449894888,12
historical_bias_feedback,workflow,normal,bias_perpetuation_rate,-0.004779983626126852,0.003075935410385288,-0.006734339746064879,-0.0028256275061888255,12
historical_bias_feedback,workflow,normal,group_fairness_gap,0.03259042513588132,0.019205347817990732,0.020387929297736543,0.044792920974026096,12
historical_bias_feedback,workflow,normal,action_alignment_diagnostic,0.8011394159730303,0.0365874101545979,0.7778928846229574,0.8243859473231032,12
historical_bias_feedback,workflow,normal,clip_rate,0.0,0.0,0.0,0.0,12
historical_bias_feedback,workflow,surface_shift,success_rate,0.5709166666666667,0.013687807004997549,0.5622198490096937,0.5796134843236398,12
historical_bias_feedback,workflow,surface_shift,near_optimal_rate,0.8843333333333333,0.008783593521532932,0.8787525042639396,0.889914162402727,12
historical_bias_feedback,workflow,surface_shift,avg_cost,0.5423125,0.0058795920158398315,0.5385767854592789,0.546048214540721,12
historical_bias_feedback,workflow,surface_shift,fairness_gap_ses,0.0343045401063028,0.01272909723882583,0.026216857573700656,0.04239222263890495,12
historical_bias_feedback,workflow,surface_shift,fairness_gap_ses_max_min,0.0905605176535847,0.03254501809191265,0.06988239968443778,0.1112386356227316,12
historical_bias_feedback,workflow,surface_shift,under_treatment_disparity,0.009742367368663995,0.006318198137809391,0.005727975793366862,0.013756758943961129,12
historical_bias_feedback,workflow,surface_shift,bias_perpetuation_rate,-0.0016682459170258197,0.0020511252223618624,-0.0029714687082287193,-0.0003650231258229199,12
historical_bias_feedback,workflow,surface_shift,group_fairness_gap,0.04337399150249552,0.03355638834067478,0.022053279534619642,0.0646947034703714,12
historical_bias_feedback,workflow,surface_shift,action_alignment_diagnostic,0.7775143486246302,0.03041229353317366,0.7581912991915263,0.7968373980577341,12
historical_bias_feedback,workflow,surface_shift,clip_rate,0.0,0.0,0.0,0.0,12
historical_bias_feedback,workflow,adversarial,success_rate,0.5458333333333333,0.010777361233229374,0.538985724696354,0.5526809419703126,12
historical_bias_feedback,workflow,adversarial,near_optimal_rate,0.8392499999999999,0.013948769903406594,0.8303873744278605,0.8481126255721394,12
historical_bias_feedback,workflow,adversarial,avg_cost,0.5941541666666668,0.005826797745734519,0.5904519960048351,0.5978563373284984,12
historical_bias_feedback,workflow,adversarial,fairness_gap_ses,0.05634465559830646,0.00890917712828254,0.050684034511958645,0.062005276684654276,12
historical_bias_feedback,workflow,adversarial,fairness_gap_ses_max_min,0.14697716813160353,0.02487661661874923,0.13117132000876702,0.16278301625444003,12
historical_bias_feedback,workflow,adversarial,under_treatment_disparity,0.006828544500294906,0.003052377078010204,0.004889156630632009,0.008767932369957803,12
historical_bias_feedback,workflow,adversarial,bias_perpetuation_rate,-0.004713276915450649,0.0035180898795322863,-0.00694856458220134,-0.002477989248699958,12
historical_bias_feedback,workflow,adversarial,group_fairness_gap,0.09504216054323926,0.03728645601813763,0.07135147664142104,0.11873284444505748,12
historical_bias_feedback,workflow,adversarial,action_alignment_diagnostic,0.6653158830132357,0.02595042744530973,0.648827768041278,0.6818039979851935,12
historical_bias_feedback,workflow,adversarial,clip_rate,0.0,0.0,0.0,0.0,12
historical_bias_feedback,workflow,degradation,success_rate_drop,0.028666666666666608,0.014932169868096739,0.019179218566443442,0.03815411476688978,12
historical_bias_feedback,workflow,degradation,fairness_gap_increase,0.018556804778235552,0.01227006844183234,0.01076077522885377,0.026352834327617335,12
historical_bias_feedback,workflow,degradation,near_optimal_rate_drop,0.045583333333333365,0.020241533957921692,0.03272247623144691,0.05844419043521982,12
historical_bias_feedback,workflow,degradation,action_alignment_diagnostic_drop,0.13582353295979468,0.05308380843584239,0.1020956901917271,0.16955137572786227,12
historical_bias_feedback,causal_light,overall,success_rate,0.6852777777777778,0.009440759827892331,0.6792794051577898,0.6912761503977657,12
historical_bias_feedback,causal_light,overall,near_optimal_rate,0.993111111111111,0.0017016529891910575,0.9920299323834276,0.9941922898387943,12
historical_bias_feedback,causal_light,overall,avg_cost,0.3883152777777778,0.003201510520487881,0.3862811350393977,0.3903494205161579,12
historical_bias_feedback,causal_light,overall,fairness_gap_ses,0.0336026864707902,0.005943377348219769,0.029826444663378707,0.03737892827820169,12
historical_bias_feedback,causal_light,overall,fairness_gap_ses_max_min,0.09276795374554236,0.014479894825042928,0.08356786749801061,0.10196803999307412,12
historical_bias_feedback,causal_light,overall,under_treatment_disparity,0.014673779258116018,0.00840387709463588,0.009334210496153177,0.02001334802007886,12
historical_bias_feedback,causal_light,overall,bias_perpetuation_rate,-0.009125270693824331,0.0036815772114086663,-0.011464433255511428,-0.006786108132137234,12
historical_bias_feedback,causal_light,overall,group_fairness_gap,0.04996218073653394,0.02020563262905791,0.03712413425074233,0.06280022722232555,12
historical_bias_feedback,causal_light,overall,action_alignment_diagnostic,0.741877883827674,0.008974766927398783,0.7361755889711697,0.7475801786841781,12
historical_bias_feedback,causal_light,overall,clip_rate,0.0,0.0,0.0,0.0,12
historical_bias_feedback,causal_light,normal,success_rate,0.6909166666666667,0.015030020464108297,0.6813670472638509,0.7004662860694826,12
historical_bias_feedback,causal_light,normal,near_optimal_rate,0.9950000000000001,0.0027961011816781296,0.9932234420664594,0.9967765579335408,12
historical_bias_feedback,causal_light,normal,avg_cost,0.37842916666666665,0.006231097172223917,0.37447011640463956,0.38238821692869374,12
historical_bias_feedback,causal_light,normal,fairness_gap_ses,0.03270715854427401,0.009882041579022064,0.026428408876047166,0.03898590821250085,12
historical_bias_feedback,causal_light,normal,fairness_gap_ses_max_min,0.0856700918107326,0.02631522579106036,0.0689501950278974,0.1023899885935678,12
historical_bias_feedback,causal_light,normal,under_treatment_disparity,0.012054780988110836,0.008094281266080647,0.006911920030935226,0.017197641945286446,12
historical_bias_feedback,causal_light,normal,bias_perpetuation_rate,-0.008561235476125025,0.006797748984604428,-0.012880319123008261,-0.004242151829241789,12
historical_bias_feedback,causal_light,normal,group_fairness_gap,0.02891670673331771,0.020192299958076802,0.016087131422518615,0.0417462820441168,12
historical_bias_feedback,causal_light,normal,action_alignment_diagnostic,0.7875350386086865,0.02259926578766321,0.7731761501713336,0.8018939270460393,12
historical_bias_feedback,causal_light,normal,clip_rate,0.0,0.0,0.0,0.0,12
historical_bias_feedback,causal_light,surface_shift,success_rate,0.6869166666666667,0.013885625879325897,0.678094160893364,0.6957391724399694,12
historical_bias_feedback,causal_light,surface_shift,near_optimal_rate,0.9954166666666665,0.002314316444667975,0.9939462201508394,0.9968871131824936,12
historical_bias_feedback,causal_light,surface_shift,avg_cost,0.3822583333333332,0.006002000928983215,0.378444843879742,0.3860718227869244,12
historical_bias_feedback,causal_light,surface_shift,fairness_gap_ses,0.03756169097629759,0.012048042389484233,0.029906730050374926,0.04521665190222026,12
historical_bias_feedback,causal_light,surface_shift,fairness_gap_ses_max_min,0.09591427458446677,0.02906127861305451,0.07744961907873463,0.11437893009019892,12
historical_bias_feedback,causal_light,surface_shift,under_treatment_disparity,0.015097073660692026,0.010548544156055356,0.00839484845849215,0.021799298862891902,12
historical_bias_feedback,causal_light,surface_shift,bias_perpetuation_rate,-0.006082884542293603,0.004664104994863252,-0.009046315474545442,-0.0031194536100417635,12
historical_bias_feedback,causal_light,surface_shift,group_fairness_gap,0.04111617102474096,0.027731503067647264,0.02349641459151081,0.05873592745797111,12
historical_bias_feedback,causal_light,surface_shift,action_alignment_diagnostic,0.7599048823809315,0.026947248372515487,0.7427834176081328,0.7770263471537301,12
historical_bias_feedback,causal_light,surface_shift,clip_rate,0.0,0.0,0.0,0.0,12
historical_bias_feedback,causal_light,adversarial,success_rate,0.678,0.010642966093750693,0.6712377819607698,0.6847622180392303,12
historical_bias_feedback,causal_light,adversarial,near_optimal_rate,0.9889166666666666,0.0029063670960444267,0.9870700491135921,0.990763284219741,12
historical_bias_feedback,causal_light,adversarial,avg_cost,0.4042583333333332,0.005854207241313074,0.40053874750886603,0.4079779191578004,12
historical_bias_feedback,causal_light,adversarial,fairness_gap_ses,0.042049804005836494,0.010006281021705197,0.03569211636175825,0.04840749164991474,12
historical_bias_feedback,causal_light,adversarial,fairness_gap_ses_max_min,0.11447967423121468,0.027001527762781974,0.09732372197919405,0.13163562648323532,12
historical_bias_feedback,causal_light,adversarial,under_treatment_disparity,0.019481544041012284,0.01087162051558927,0.012574045913272235,0.026389042168752333,12
historical_bias_feedback,causal_light,adversarial,bias_perpetuation_rate,-0.01269887291741686,0.0038478988776220096,-0.015143711224161822,-0.010254034610671897,12
historical_bias_feedback,causal_light,adversarial,group_fairness_gap,0.08098052109541598,0.037147911001003266,0.05737786449781529,0.10458317769301667,12
historical_bias_feedback,causal_light,adversarial,action_alignment_diagnostic,0.6876132697002789,0.011282180377470865,0.6804449142814657,0.6947816251190921,12
historical_bias_feedback,causal_light,adversarial,clip_rate,0.0,0.0,0.0,0.0,12
historical_bias_feedback,causal_light,degradation,success_rate_drop,0.012916666666666623,0.013787071238422346,0.00415677952473955,0.021676553808593697,12
historical_bias_feedback,causal_light,degradation,fairness_gap_increase,0.009342645461562481,0.012643305150792723,0.0013094726211091597,0.017375818302015802,12
historical_bias_feedback,causal_light,degradation,near_optimal_rate_drop,0.006083333333333339,0.003918680977836883,0.0035935222257064236,0.008573144440960254,12
historical_bias_feedback,causal_light,degradation,action_alignment_diagnostic_drop,0.09992176890840743,0.024989331155591172,0.08404430538554034,0.11579923243127452,12
historical_bias_feedback,stability_filtered,overall,success_rate,0.6856111111111112,0.04498795199734953,0.6570271301170222,0.7141950921052002,12
historical_bias_feedback,stability_filtered,overall,near_optimal_rate,0.9932499999999999,0.0038824260872851587,0.9907832241508469,0.9957167758491529,12
historical_bias_feedback,stability_filtered,overall,avg_cost,0.34483749999999996,0.09085538045613085,0.2871107453275097,0.40256425467249024,12
historical_bias_feedback,stability_filtered,overall,fairness_gap_ses,0.010845977270243482,0.006561576658894595,0.00667695036010206,0.015015004180384903,12
historical_bias_feedback,stability_filtered,overall,fairness_gap_ses_max_min,0.02776430394848947,0.01659142510040494,0.01722261537011708,0.038305992526861864,12
historical_bias_feedback,stability_filtered,overall,under_treatment_disparity,0.016275220208928836,0.01769875477311787,0.005029967922635669,0.027520472495222003,12
historical_bias_feedback,stability_filtered,overall,bias_perpetuation_rate,-0.003286387949709479,0.007835586070927806,-0.008264881821627539,0.00169210592220858,12
historical_bias_feedback,stability_filtered,overall,group_fairness_gap,0.013798481618347949,0.008763122395700705,0.00823065928177345,0.019366303954922448,12
historical_bias_feedback,stability_filtered,overall,action_alignment_diagnostic,0.893819699048907,0.026094941812677217,0.8772397640285405,0.9103996340692735,12
historical_bias_feedback,stability_filtered,overall,clip_rate,0.0,0.0,0.0,0.0,12
historical_bias_feedback,stability_filtered,normal,success_rate,0.6830833333333333,0.04533603490167683,0.6542781910131577,0.7118884756535089,12
historical_bias_feedback,stability_filtered,normal,near_optimal_rate,0.9935833333333334,0.0035537005893558197,0.9913254197010166,0.9958412469656501,12
historical_bias_feedback,stability_filtered,normal,avg_cost,0.34775833333333334,0.09414907384600554,0.2879388657215637,0.407577800945103,12
historical_bias_feedback,stability_filtered,normal,fairness_gap_ses,0.02059881626618025,0.009282680699927843,0.01470088233230022,0.02649675020006028,12
historical_bias_feedback,stability_filtered,normal,fairness_gap_ses_max_min,0.05321417334763845,0.026111960773334605,0.036623424995560414,0.06980492169971649,12
historical_bias_feedback,stability_filtered,normal,under_treatment_disparity,0.018012901752237423,0.020913608123455878,0.004725029097934201,0.031300774406540645,12
historical_bias_feedback,stability_filtered,normal,bias_perpetuation_rate,-0.0031589820381273566,0.013807065531898555,-0.011931572948048757,0.005613608871794044,12
historical_bias_feedback,stability_filtered,normal,group_fairness_gap,0.02261110316971023,0.00926824098995819,0.016722343789838726,0.02849986254958173,12
historical_bias_feedback,stability_filtered,normal,action_alignment_diagnostic,0.9090255972135983,0.03774622143456445,0.8850427923029007,0.9330084021242959,12
historical_bias_feedback,stability_filtered,normal,clip_rate,0.0,0.0,0.0,0.0,12
historical_bias_feedback,stability_filtered,surface_shift,success_rate,0.6880000000000001,0.04668852302031175,0.6583355277267723,0.7176644722732278,12
historical_bias_feedback,stability_filtered,surface_shift,near_optimal_rate,0.9943333333333334,0.004097301403104099,0.991730032221954,0.9969366344447128,12
historical_bias_feedback,stability_filtered,surface_shift,avg_cost,0.3411958333333333,0.09232593070779523,0.28253473560724274,0.3998569310594239,12
historical_bias_feedback,stability_filtered,surface_shift,fairness_gap_ses,0.020844818798343472,0.011000221645602524,0.013855611410836858,0.027834026185850087,12
historical_bias_feedback,stability_filtered,surface_shift,fairness_gap_ses_max_min,0.05534286242053085,0.027425129333206556,0.03791776657115785,0.07276795826990386,12
historical_bias_feedback,stability_filtered,surface_shift,under_treatment_disparity,0.013986714371547684,0.01180227044328659,0.00648790949023464,0.021485519252860727,12
historical_bias_feedback,stability_filtered,surface_shift,bias_perpetuation_rate,-8.311300514636608e-05,0.013543259390128142,-0.008688089489255858,0.008521863478963127,12
historical_bias_feedback,stability_filtered,surface_shift,group_fairness_gap,0.020440970112230793,0.016214492600836333,0.010138773018253118,0.03074316720620847,12
historical_bias_feedback,stability_filtered,surface_shift,action_alignment_diagnostic,0.9124460355695608,0.048242146249588364,0.8817944381909218,0.9430976329481998,12
historical_bias_feedback,stability_filtered,surface_shift,clip_rate,0.0,0.0,0.0,0.0,12
historical_bias_feedback,stability_filtered,adversarial,success_rate,0.6857500000000001,0.04577638335132289,0.6566650736230574,0.7148349263769428,12
historical_bias_feedback,stability_filtered,adversarial,near_optimal_rate,0.9918333333333332,0.005967081414398556,0.9880420306808053,0.9956246359858612,12
historical_bias_feedback,stability_filtered,adversarial,avg_cost,0.34555833333333336,0.08647752685822573,0.29061313413251244,0.40050353253415427,12
historical_bias_feedback,stability_filtered,adversarial,fairness_gap_ses,0.016790830723477954,0.007106657829704799,0.012275475760270401,0.021306185686685505,12
historical_bias_feedback,stability_filtered,adversarial,fairness_gap_ses_max_min,0.044334230258158615,0.019366823958697307,0.03202913737498215,0.05663932314133508,12
historical_bias_feedback,stability_filtered,adversarial,under_treatment_disparity,0.026875375797922457,0.024369683398057503,0.011391617677013115,0.042359133918831796,12
historical_bias_feedback,stability_filtered,adversarial,bias_perpetuation_rate,-0.0064512799163677775,0.01823684323155558,-0.01803841729825339,0.005135857465517833,12
historical_bias_feedback,stability_filtered,adversarial,group_fairness_gap,0.02210962585206692,0.01923489893927527,0.009888354127231394,0.03433089757690245,12
historical_bias_feedback,stability_filtered,adversarial,action_alignment_diagnostic,0.8644519119162295,0.0630363769242031,0.8244005088196004,0.9045033150128586,12
historical_bias_feedback,stability_filtered,adversarial,clip_rate,0.0,0.0,0.0,0.0,12
historical_bias_feedback,stability_filtered,degradation,success_rate_drop,-0.002666666666666669,0.013486244394893198,-0.01123541755108072,0.005902084217747381,12
historical_bias_feedback,stability_filtered,degradation,fairness_gap_increase,-0.0038079855427022944,0.010386566484903145,-0.01040729504262805,0.002791323957223462,12
historical_bias_feedback,stability_filtered,degradation,near_optimal_rate_drop,0.0017500000000000016,0.004202272112689864,-0.0009199963183074821,0.004419996318307485,12
historical_bias_feedback,stability_filtered,degradation,action_alignment_diagnostic_drop,0.0445736852973688,0.0856342487661961,-0.009835720565788617,0.09898309116052621,12
historical_bias_feedback,structural_causal,overall,success_rate,0.6943888888888888,0.0316600737421799,0.6742730377345344,0.7145047400432433,12
historical_bias_feedback,structural_causal,overall,near_optimal_rate,0.9889722222222223,0.004715027198381934,0.9859764368654427,0.9919680075790018,12
historical_bias_feedback,structural_causal,overall,avg_cost,0.2734972222222222,0.06451750519379197,0.23250475512005153,0.3144896893243929,12
historical_bias_feedback,structural_causal,overall,fairness_gap_ses,0.007555989681360478,0.004753390558606367,0.004535829408390261,0.010576149954330696,12
historical_bias_feedback,structural_causal,overall,fairness_gap_ses_max_min,0.020926797024846473,0.013789801547855293,0.012165175127068675,0.02968841892262427,12
historical_bias_feedback,structural_causal,overall,under_treatment_disparity,0.017816192192976952,0.012279188774436057,0.010014367860720418,0.025618016525233486,12
historical_bias_feedback,structural_causal,overall,bias_perpetuation_rate,-0.017696085090349065,0.013037705982532038,-0.025979848263946552,-0.00941232191675158,12
historical_bias_feedback,structural_causal,overall,group_fairness_gap,0.015914321965222116,0.01039266842439112,0.00931113547791179,0.02251750845253244,12
historical_bias_feedback,structural_causal,overall,action_alignment_diagnostic,0.9681449387428532,0.020970239264219624,0.9548210843783499,0.9814687931073566,12
historical_bias_feedback,structural_causal,overall,clip_rate,0.0,0.0,0.0,0.0,12
historical_bias_feedback,structural_causal,normal,success_rate,0.6928333333333333,0.033272520284171526,0.6716929825237603,0.7139736841429063,12
historical_bias_feedback,structural_causal,normal,near_optimal_rate,0.9902500000000001,0.0047696960070847325,0.9872194797393284,0.9932805202606717,12
historical_bias_feedback,structural_causal,normal,avg_cost,0.26971666666666666,0.06399000040252503,0.22905936011878736,0.31037397321454596,12
historical_bias_feedback,structural_causal,normal,fairness_gap_ses,0.011931254991790574,0.005723054212668472,0.008294999826125464,0.015567510157455684,12
historical_bias_feedback,structural_causal,normal,fairness_gap_ses_max_min,0.03155558392023952,0.015845296085230172,0.021487963100945168,0.041623204739533876,12
historical_bias_feedback,structural_causal,normal,under_treatment_disparity,0.03968062868790825,0.024685230868940904,0.023996381269086535,0.05536487610672996,12
historical_bias_feedback,structural_causal,normal,bias_perpetuation_rate,-0.011159500949985586,0.01667861111113948,-0.021756584876737768,-0.0005624170232334039,12
historical_bias_feedback,structural_causal,normal,group_fairness_gap,0.0196748277053783,0.012919111589066633,0.011466415814475798,0.0278832395962808,12
historical_bias_feedback,structural_causal,normal,action_alignment_diagnostic,0.9483849500600426,0.03558213542470333,0.9257771398007817,0.9709927603193036,12
historical_bias_feedback,structural_causal,normal,clip_rate,0.0,0.0,0.0,0.0,12
historical_bias_feedback,structural_causal,surface_shift,success_rate,0.6942499999999999,0.03164899826075212,0.6741411858708173,0.7143588141291826,12
historical_bias_feedback,structural_causal,surface_shift,near_optimal_rate,0.9903333333333332,0.005449492609130666,0.9868708909181728,0.9937957757484935,12
historical_bias_feedback,structural_causal,surface_shift,avg_cost,0.2687375,0.06851145931023642,0.22520739551966112,0.3122676044803389,12
historical_bias_feedback,structural_causal,surface_shift,fairness_gap_ses,0.01680726542638459,0.008856180661515221,0.011180316688556222,0.022434214164212957,12
historical_bias_feedback,structural_causal,surface_shift,fairness_gap_ses_max_min,0.04524479909432271,0.02461118877960534,0.029607595774651257,0.06088200241399416,12
historical_bias_feedback,structural_causal,surface_shift,under_treatment_disparity,0.026667547990363184,0.022823520335578443,0.012166175011019468,0.041168920969706896,12
historical_bias_feedback,structural_causal,surface_shift,bias_perpetuation_rate,-0.008500097262959206,0.023568825804403698,-0.02347501474499437,0.006474820219075958,12
historical_bias_feedback,structural_causal,surface_shift,group_fairness_gap,0.022649980432350485,0.022182979099993706,0.008555587937581018,0.036744372927119955,12
historical_bias_feedback,structural_causal,surface_shift,action_alignment_diagnostic,0.9530618866562155,0.03563714453354458,0.9304191252766698,0.9757046480357612,12
historical_bias_feedback,structural_causal,surface_shift,clip_rate,0.0,0.0,0.0,0.0,12
historical_bias_feedback,structural_causal,adversarial,success_rate,0.6960833333333333,0.03418521300034252,0.6743630852380601,0.7178035814286065,12
historical_bias_feedback,structural_causal,adversarial,near_optimal_rate,0.9863333333333334,0.0051581063003839555,0.9830560289460532,0.9896106377206136,12
historical_bias_feedback,structural_causal,adversarial,avg_cost,0.2820375,0.06398480687916183,0.2413834932594361,0.3226915067405639,12
historical_bias_feedback,structural_causal,adversarial,fairness_gap_ses,0.014371109741380996,0.008248145110050821,0.009130488361770953,0.01961173112099104,12
historical_bias_feedback,structural_causal,adversarial,fairness_gap_ses_max_min,0.037391024000383806,0.020979591216869486,0.024061227688649434,0.05072082031211818,12
historical_bias_feedback,structural_causal,adversarial,under_treatment_disparity,0.02051003923197124,0.018351097085740765,0.008850308414475955,0.03216977004946653,12
historical_bias_feedback,structural_causal,adversarial,bias_perpetuation_rate,-0.033722094654165036,0.026865805180154162,-0.05079181289129807,-0.016652376417032,12
historical_bias_feedback,structural_causal,adversarial,group_fairness_gap,0.029324156373516336,0.018191918509672007,0.017765562798127195,0.04088274994890548,12
historical_bias_feedback,structural_causal,adversarial,action_alignment_diagnostic,0.9615363578495196,0.02582066362665074,0.9451306908744497,0.9779420248245896,12
historical_bias_feedback,structural_causal,adversarial,clip_rate,0.0,0.0,0.0,0.0,12
historical_bias_feedback,structural_causal,degradation,success_rate_drop,-0.003250000000000012,0.015297801386889787,-0.012969759283996027,0.006469759283996004,12
historical_bias_feedback,structural_causal,degradation,fairness_gap_increase,0.0024398547495904205,0.009625139555908886,-0.003675667160537035,0.008555376659717876,12
historical_bias_feedback,structural_causal,degradation,near_optimal_rate_drop,0.00391666666666667,0.0019752253419585216,0.0026616683587438834,0.005171664974589456,12
historical_bias_feedback,structural_causal,degradation,action_alignment_diagnostic_drop,-0.01315140778947696,0.036178912194210384,-0.036138391918184326,0.009835576339230403,12
